round,per_round_epsilon,accuracy,precision,recall,f1_score,roc_auc,pr_auc,num_samples
1,2.0,0.45078918266814116,0.45078918266814116,1.0,0.621439955651029,0.5,0.45078918266814116,9947
1,2.0,0.46466271237559065,0.45223219357037375,0.8878233719892953,0.5992323323549333,0.5026827136344851,0.45212351064000866,9947
1,2.0,,,,,,,
2,2.0,,,,,,,
3,2.0,,,,,,,
4,2.0,,,,,,,
5,2.0,,,,,,,
6,2.0,,,,,,,
7,2.0,,,,,,,
8,2.0,,,,,,,
9,2.0,,,,,,,
10,2.0,0.5275962601789485,0.4495068107092532,0.21342551293487957,0.2894299107817934,0.4995332724909753,0.45051526342436155,9947
11,2.0,,,,,,,
12,2.0,,,,,,,
13,2.0,,,,,,,
14,2.0,,,,,,,
15,2.0,,,,,,,
16,2.0,,,,,,,
17,2.0,,,,,,,
18,2.0,,,,,,,
19,2.0,,,,,,,
20,2.0,0.4733085352367548,0.4553518628030751,0.8586083853702052,0.5951000850142979,0.5078324738492982,0.4547067380917575,9947
21,2.0,,,,,,,
22,2.0,,,,,,,
23,2.0,,,,,,,
24,2.0,,,,,,,
25,2.0,,,,,,,
26,2.0,,,,,,,
27,2.0,,,,,,,
28,2.0,,,,,,,
29,2.0,,,,,,,
30,2.0,0.45430783150698706,0.4513301711693133,0.9761373773416593,0.6172613171626005,0.5010652107283072,0.4513172617648473,9947
31,2.0,,,,,,,
32,2.0,,,,,,,
33,2.0,,,,,,,
34,2.0,,,,,,,
35,2.0,,,,,,,
36,2.0,,,,,,,
37,2.0,,,,,,,
38,2.0,,,,,,,
39,2.0,,,,,,,
40,2.0,0.4917060420227204,0.4596501128668172,0.7265834076717217,0.5630833045281715,0.512751707496853,0.45722738752703646,9947
41,2.0,,,,,,,
42,2.0,,,,,,,
43,2.0,,,,,,,
44,2.0,,,,,,,
45,2.0,,,,,,,
46,2.0,,,,,,,
47,2.0,,,,,,,
48,2.0,,,,,,,
49,2.0,,,,,,,
50,2.0,0.5412687242384638,0.4393241167434716,0.06378233719892953,0.11139240506329114,0.49848461542355404,0.4500579139673259,9947
1,2.0,,,,,,,
2,2.0,,,,,,,
3,2.0,,,,,,,
4,2.0,,,,,,,
5,2.0,,,,,,,
6,2.0,,,,,,,
7,2.0,,,,,,,
8,2.0,,,,,,,
9,2.0,,,,,,,
10,2.0,0.5156328541268724,0.45361111111111113,0.3641837644959857,0.4040079168728352,0.502418446991463,0.4517673454342875,9947
11,2.0,,,,,,,
12,2.0,,,,,,,
13,2.0,,,,,,,
14,2.0,,,,,,,
15,2.0,,,,,,,
16,2.0,,,,,,,
17,2.0,,,,,,,
18,2.0,,,,,,,
19,2.0,,,,,,,
20,2.0,0.5326229013772997,0.4528840662478584,0.17685102586975915,0.25437048917401767,0.5007447514485167,0.45115966497829185,9947
21,2.0,,,,,,,
22,2.0,,,,,,,
23,2.0,,,,,,,
24,2.0,,,,,,,
25,2.0,,,,,,,
26,2.0,,,,,,,
27,2.0,,,,,,,
28,2.0,,,,,,,
29,2.0,,,,,,,
30,2.0,0.5312154418417613,0.459520578923564,0.22658340767172166,0.30351008215085884,0.5039195639859615,0.45276757218542696,9947
31,2.0,,,,,,,
32,2.0,,,,,,,
33,2.0,,,,,,,
34,2.0,,,,,,,
35,2.0,,,,,,,
36,2.0,,,,,,,
37,2.0,,,,,,,
38,2.0,,,,,,,
39,2.0,,,,,,,
40,2.0,0.5159344525987735,0.44744363289933314,0.31422836752899197,0.3691864273549063,0.4978897858482897,0.4497825791396286,9947
41,2.0,,,,,,,
42,2.0,,,,,,,
43,2.0,,,,,,,
44,2.0,,,,,,,
45,2.0,,,,,,,
46,2.0,,,,,,,
47,2.0,,,,,,,
48,2.0,,,,,,,
49,2.0,,,,,,,
50,2.0,0.5393586005830904,0.4137323943661972,0.0524085637823372,0.09303246239113222,0.4957265224183515,0.4488470896148502,9947
1,2.0,,,,,,,
2,2.0,,,,,,,
3,2.0,,,,,,,
4,2.0,,,,,,,
5,2.0,,,,,,,
6,2.0,,,,,,,
7,2.0,,,,,,,
8,2.0,,,,,,,
9,2.0,,,,,,,
10,2.0,0.4509902483160752,0.45084029385126295,0.9991079393398751,0.621316136190278,0.5001031184892676,0.4508402482569872,9947
11,2.0,,,,,,,
12,2.0,,,,,,,
13,2.0,,,,,,,
14,2.0,,,,,,,
15,2.0,,,,,,,
16,2.0,,,,,,,
17,2.0,,,,,,,
18,2.0,,,,,,,
19,2.0,,,,,,,
20,2.0,0.5440836433095405,0.39920948616600793,0.022524531668153436,0.0426430230103441,0.49735049574438245,0.44962737416084514,9947
21,2.0,,,,,,,
22,2.0,,,,,,,
23,2.0,,,,,,,
24,2.0,,,,,,,
25,2.0,,,,,,,
26,2.0,,,,,,,
27,2.0,,,,,,,
28,2.0,,,,,,,
29,2.0,,,,,,,
30,2.0,0.5492108173318588,0.0,0.0,0.0,0.5,0.45078918266814116,9947
31,2.0,,,,,,,
32,2.0,,,,,,,
33,2.0,,,,,,,
34,2.0,,,,,,,
35,2.0,,,,,,,
36,2.0,,,,,,,
37,2.0,,,,,,,
38,2.0,,,,,,,
39,2.0,,,,,,,
40,2.0,0.5475017593244195,0.3508771929824561,0.0044603033006244425,0.008808632459810615,0.49884373393111037,0.45034354489077416,9947
41,2.0,,,,,,,
42,2.0,,,,,,,
43,2.0,,,,,,,
44,2.0,,,,,,,
45,2.0,,,,,,,
46,2.0,,,,,,,
47,2.0,,,,,,,
48,2.0,,,,,,,
49,2.0,,,,,,,
50,2.0,0.5329244998492008,0.45607375271149675,0.1875557537912578,0.26580278128950696,0.5020695341934542,0.45178157847266376,9947
1,5.0,0.49582788780536846,0.44718519992042965,0.5013380909901873,0.4727158027547051,0.49490696311885174,0.4485414610537414,9947
1,5.0,,,,,,,
2,5.0,,,,,,,
3,5.0,,,,,,,
4,5.0,,,,,,,
5,5.0,,,,,,,
6,5.0,,,,,,,
7,5.0,,,,,,,
8,5.0,,,,,,,
9,5.0,,,,,,,
10,5.0,0.4524982406755806,0.4512763371150729,0.9935325602140945,0.6206464196154918,0.5009762169410532,0.45127330751063394,9947
11,5.0,,,,,,,
12,5.0,,,,,,,
13,5.0,,,,,,,
14,5.0,,,,,,,
15,5.0,,,,,,,
16,5.0,,,,,,,
17,5.0,,,,,,,
18,5.0,,,,,,,
19,5.0,,,,,,,
20,5.0,0.4509902483160752,0.45087983911513324,1.0,0.6215260932843579,0.5001830496064433,0.45087983911513324,9947
21,5.0,,,,,,,
22,5.0,,,,,,,
23,5.0,,,,,,,
24,5.0,,,,,,,
25,5.0,,,,,,,
26,5.0,,,,,,,
27,5.0,,,,,,,
28,5.0,,,,,,,
29,5.0,,,,,,,
30,5.0,0.45078918266814116,0.45078918266814116,1.0,0.621439955651029,0.5,0.45078918266814116,9947
31,5.0,,,,,,,
32,5.0,,,,,,,
33,5.0,,,,,,,
34,5.0,,,,,,,
35,5.0,,,,,,,
36,5.0,,,,,,,
37,5.0,,,,,,,
38,5.0,,,,,,,
39,5.0,,,,,,,
40,5.0,0.46647230320699706,0.44981095255518966,0.8224799286351472,0.581565875581487,0.4983747407545661,0.44998439260414924,9947
41,5.0,,,,,,,
42,5.0,,,,,,,
43,5.0,,,,,,,
44,5.0,,,,,,,
45,5.0,,,,,,,
46,5.0,,,,,,,
47,5.0,,,,,,,
48,5.0,,,,,,,
49,5.0,,,,,,,
50,5.0,0.5476022921483864,0.32608695652173914,0.003345227475468332,0.006622516556291391,0.49883534483786235,0.45037202535498416,9947
1,0.1,,,,,,,
2,0.1,,,,,,,
3,0.1,,,,,,,
4,0.1,,,,,,,
5,0.1,,,,,,,
6,0.1,,,,,,,
7,0.1,,,,,,,
8,0.1,,,,,,,
9,0.1,,,,,,,
10,0.1,0.5492108173318588,0.5,0.00044603033006244426,0.00089126559714795,0.5000399655585879,0.45081113218523833,9947
11,0.1,,,,,,,
12,0.1,,,,,,,
13,0.1,,,,,,,
14,0.1,,,,,,,
15,0.1,,,,,,,
16,0.1,,,,,,,
17,0.1,,,,,,,
18,0.1,,,,,,,
19,0.1,,,,,,,
20,0.1,0.5360410173921786,0.4590880699562773,0.16391614629794826,0.24157764995891537,0.5026975935590052,0.45214950429097345,9947
21,0.1,,,,,,,
22,0.1,,,,,,,
23,0.1,,,,,,,
24,0.1,,,,,,,
25,0.1,,,,,,,
26,0.1,,,,,,,
27,0.1,,,,,,,
28,0.1,,,,,,,
29,0.1,,,,,,,
30,0.1,0.510003015984719,0.44921875,0.38470115967885815,0.4144641999038924,0.4987756210255905,0.4501850353995097,9947
31,0.1,,,,,,,
32,0.1,,,,,,,
33,0.1,,,,,,,
34,0.1,,,,,,,
35,0.1,,,,,,,
36,0.1,,,,,,,
37,0.1,,,,,,,
38,0.1,,,,,,,
39,0.1,,,,,,,
40,0.1,0.45078918266814116,0.45078918266814116,1.0,0.621439955651029,0.5,0.45078918266814116,9947
41,0.1,,,,,,,
42,0.1,,,,,,,
43,0.1,,,,,,,
44,0.1,,,,,,,
45,0.1,,,,,,,
46,0.1,,,,,,,
47,0.1,,,,,,,
48,0.1,,,,,,,
49,0.1,,,,,,,
50,0.1,0.5302101136020911,0.43601895734597157,0.14362176628010706,0.21607112900520048,0.4955707220563999,0.44866785681901605,9947
1,0.2,,,,,,,
2,0.2,,,,,,,
3,0.2,,,,,,,
4,0.2,,,,,,,
5,0.2,,,,,,,
6,0.2,,,,,,,
7,0.2,,,,,,,
8,0.2,,,,,,,
9,0.2,,,,,,,
10,0.2,0.49472202674173116,0.45373847729600547,0.5927743086529884,0.5140204989363759,0.5035077840171404,0.45253744875218743,9947
11,0.2,,,,,,,
12,0.2,,,,,,,
13,0.2,,,,,,,
14,0.2,,,,,,,
15,0.2,,,,,,,
16,0.2,,,,,,,
17,0.2,,,,,,,
18,0.2,,,,,,,
19,0.2,,,,,,,
20,0.2,0.4636573841359204,0.44238320920785373,0.7285905441570026,0.5505097312326228,0.4873961324116516,0.444664669890541,9947
21,0.2,,,,,,,
22,0.2,,,,,,,
23,0.2,,,,,,,
24,0.2,,,,,,,
25,0.2,,,,,,,
26,0.2,,,,,,,
27,0.2,,,,,,,
28,0.2,,,,,,,
29,0.2,,,,,,,
30,0.2,0.5492108173318588,0.0,0.0,0.0,0.5,0.45078918266814116,9947
31,0.2,,,,,,,
32,0.2,,,,,,,
33,0.2,,,,,,,
34,0.2,,,,,,,
35,0.2,,,,,,,
36,0.2,,,,,,,
37,0.2,,,,,,,
38,0.2,,,,,,,
39,0.2,,,,,,,
40,0.2,0.5492108173318588,0.0,0.0,0.0,0.5,0.45078918266814116,9947
41,0.2,,,,,,,
42,0.2,,,,,,,
43,0.2,,,,,,,
44,0.2,,,,,,,
45,0.2,,,,,,,
46,0.2,,,,,,,
47,0.2,,,,,,,
48,0.2,,,,,,,
49,0.2,,,,,,,
50,0.2,0.5447873730773097,0.4680232558139535,0.07181088314005353,0.12451662799690642,0.5024073635908943,0.4520267766808422,9947
1,5.0,,,,,,,
2,5.0,,,,,,,
3,5.0,,,,,,,
4,5.0,,,,,,,
5,5.0,,,,,,,
6,5.0,,,,,,,
7,5.0,,,,,,,
8,5.0,,,,,,,
9,5.0,,,,,,,
10,5.0,0.4645621795516236,0.4545552677029361,0.9391168599464763,0.6125981961012511,0.5070724546592983,0.4543259766203092,9947
11,5.0,,,,,,,
12,5.0,,,,,,,
13,5.0,,,,,,,
14,5.0,,,,,,,
15,5.0,,,,,,,
16,5.0,,,,,,,
17,5.0,,,,,,,
18,5.0,,,,,,,
19,5.0,,,,,,,
20,5.0,0.48054689856238064,0.4481239556433237,0.6578947368421053,0.5331164723954098,0.4963498259232534,0.4490351226185561,9947
21,5.0,,,,,,,
22,5.0,,,,,,,
23,5.0,,,,,,,
24,5.0,,,,,,,
25,5.0,,,,,,,
26,5.0,,,,,,,
27,5.0,,,,,,,
28,5.0,,,,,,,
29,5.0,,,,,,,
30,5.0,0.5332260983211018,0.4263206672845227,0.10258697591436218,0.1653783929534424,0.4944753636620895,0.4482790316698217,9947
31,5.0,,,,,,,
32,5.0,,,,,,,
33,5.0,,,,,,,
34,5.0,,,,,,,
35,5.0,,,,,,,
36,5.0,,,,,,,
37,5.0,,,,,,,
38,5.0,,,,,,,
39,5.0,,,,,,,
40,5.0,0.5167387151905097,0.4429932933286269,0.2798840321141838,0.34303676370097036,0.49559517493647554,0.44860554295670646,9947
41,5.0,,,,,,,
42,5.0,,,,,,,
43,5.0,,,,,,,
44,5.0,,,,,,,
45,5.0,,,,,,,
46,5.0,,,,,,,
47,5.0,,,,,,,
48,5.0,,,,,,,
49,5.0,,,,,,,
50,5.0,0.501960390067357,0.45144628099173556,0.4872881355932203,0.46868296868296866,0.5006457152430681,0.4511093788851469,9947
1,5.0,,,,,,,
2,5.0,,,,,,,
3,5.0,,,,,,,
4,5.0,,,,,,,
5,5.0,,,,,,,
6,5.0,,,,,,,
7,5.0,,,,,,,
8,5.0,,,,,,,
9,5.0,,,,,,,
10,5.0,0.5474012265004524,0.3392857142857143,0.00423728813559322,0.008370044052863436,0.4987322263485947,0.45031671034448684,9947
11,5.0,,,,,,,
12,5.0,,,,,,,
13,5.0,,,,,,,
14,5.0,,,,,,,
15,5.0,,,,,,,
16,5.0,,,,,,,
17,5.0,,,,,,,
18,5.0,,,,,,,
19,5.0,,,,,,,
20,5.0,0.5323213029053986,0.44109396914446003,0.14027653880463872,0.2128595600676819,0.4971767333336273,0.44937424061311654,9947
21,5.0,,,,,,,
22,5.0,,,,,,,
23,5.0,,,,,,,
24,5.0,,,,,,,
25,5.0,,,,,,,
26,5.0,,,,,,,
27,5.0,,,,,,,
28,5.0,,,,,,,
29,5.0,,,,,,,
30,5.0,0.5461948326128481,0.36363636363636365,0.008920606601248885,0.0174140182847192,0.4980535670751073,0.4500117266553688,9947
31,5.0,,,,,,,
32,5.0,,,,,,,
33,5.0,,,,,,,
34,5.0,,,,,,,
35,5.0,,,,,,,
36,5.0,,,,,,,
37,5.0,,,,,,,
38,5.0,,,,,,,
39,5.0,,,,,,,
40,5.0,0.5400623303508596,0.43116490166414523,0.0635593220338983,0.11078717201166181,0.4973663350056001,0.4495418766721244,9947
41,5.0,,,,,,,
42,5.0,,,,,,,
43,5.0,,,,,,,
44,5.0,,,,,,,
45,5.0,,,,,,,
46,5.0,,,,,,,
47,5.0,,,,,,,
48,5.0,,,,,,,
49,5.0,,,,,,,
50,5.0,0.4828591535136222,0.45673833245936024,0.7769848349687779,0.5752972258916776,0.5091932215146808,0.4554115818368761,9947
1,1.0,,,,,,,
2,1.0,,,,,,,
3,1.0,,,,,,,
4,1.0,,,,,,,
5,1.0,,,,,,,
6,1.0,,,,,,,
7,1.0,,,,,,,
8,1.0,,,,,,,
9,1.0,,,,,,,
10,1.0,0.5492108173318588,0.0,0.0,0.0,0.5,0.45078918266814116,9947
11,1.0,,,,,,,
12,1.0,,,,,,,
13,1.0,,,,,,,
14,1.0,,,,,,,
15,1.0,,,,,,,
16,1.0,,,,,,,
17,1.0,,,,,,,
18,1.0,,,,,,,
19,1.0,,,,,,,
20,1.0,0.5492108173318588,0.0,0.0,0.0,0.5,0.45078918266814116,9947
21,1.0,,,,,,,
22,1.0,,,,,,,
23,1.0,,,,,,,
24,1.0,,,,,,,
25,1.0,,,,,,,
26,1.0,,,,,,,
27,1.0,,,,,,,
28,1.0,,,,,,,
29,1.0,,,,,,,
30,1.0,0.5439831104855736,0.4312169312169312,0.03635147190008921,0.06705059646236117,0.4984979032573849,0.45007770251949103,9947
31,1.0,,,,,,,
32,1.0,,,,,,,
33,1.0,,,,,,,
34,1.0,,,,,,,
35,1.0,,,,,,,
36,1.0,,,,,,,
37,1.0,,,,,,,
38,1.0,,,,,,,
39,1.0,,,,,,,
40,1.0,0.5493113501558259,0.501779359430605,0.03144513826940232,0.05918153200419727,0.5029090966836669,0.4523925758268181,9947
41,1.0,,,,,,,
42,1.0,,,,,,,
43,1.0,,,,,,,
44,1.0,,,,,,,
45,1.0,,,,,,,
46,1.0,,,,,,,
47,1.0,,,,,,,
48,1.0,,,,,,,
49,1.0,,,,,,,
50,1.0,0.5492108173318588,0.0,0.0,0.0,0.5,0.45078918266814116,9947
1,1.0,,,,,,,
2,1.0,,,,,,,
3,1.0,,,,,,,
4,1.0,,,,,,,
5,1.0,,,,,,,
6,1.0,,,,,,,
7,1.0,,,,,,,
8,1.0,,,,,,,
9,1.0,,,,,,,
10,1.0,0.4668744345028652,0.45284974093264246,0.8771186440677966,0.5973118687827473,0.5036334571245079,0.4525965367391232,9947
11,1.0,,,,,,,
12,1.0,,,,,,,
13,1.0,,,,,,,
14,1.0,,,,,,,
15,1.0,,,,,,,
16,1.0,,,,,,,
17,1.0,,,,,,,
18,1.0,,,,,,,
19,1.0,,,,,,,
20,1.0,0.5492108173318588,0.0,0.0,0.0,0.5,0.45078918266814116,9947
21,1.0,,,,,,,
22,1.0,,,,,,,
23,1.0,,,,,,,
24,1.0,,,,,,,
25,1.0,,,,,,,
26,1.0,,,,,,,
27,1.0,,,,,,,
28,1.0,,,,,,,
29,1.0,,,,,,,
30,1.0,0.49019804966321506,0.4586677932685537,0.7263603925066905,0.5622788088044886,0.5113588526692339,0.45651189335626424,9947
31,1.0,,,,,,,
32,1.0,,,,,,,
33,1.0,,,,,,,
34,1.0,,,,,,,
35,1.0,,,,,,,
36,1.0,,,,,,,
37,1.0,,,,,,,
38,1.0,,,,,,,
39,1.0,,,,,,,
40,1.0,0.5485070875640897,0.3333333333333333,0.0015611061552185548,0.0031076581576026637,0.49949920583250584,0.45060582161877816,9947
41,1.0,,,,,,,
42,1.0,,,,,,,
43,1.0,,,,,,,
44,1.0,,,,,,,
45,1.0,,,,,,,
46,1.0,,,,,,,
47,1.0,,,,,,,
48,1.0,,,,,,,
49,1.0,,,,,,,
50,1.0,0.5492108173318588,0.0,0.0,0.0,0.5,0.45078918266814116,9947
1,5.0,,,,,,,
2,5.0,,,,,,,
3,5.0,,,,,,,
4,5.0,,,,,,,
5,5.0,,,,,,,
6,5.0,,,,,,,
7,5.0,,,,,,,
8,5.0,,,,,,,
9,5.0,,,,,,,
10,5.0,0.5404644616467277,0.40993788819875776,0.04415700267618198,0.07972619287296155,0.49592469688634416,0.4489764733767021,9947
11,5.0,,,,,,,
12,5.0,,,,,,,
13,5.0,,,,,,,
14,5.0,,,,,,,
15,5.0,,,,,,,
16,5.0,,,,,,,
17,5.0,,,,,,,
18,5.0,,,,,,,
19,5.0,,,,,,,
20,5.0,0.5048758419624008,0.4354697102721686,0.33184656556645853,0.3766611821288445,0.48952712538800064,0.445695354607069,9947
21,5.0,,,,,,,
22,5.0,,,,,,,
23,5.0,,,,,,,
24,5.0,,,,,,,
25,5.0,,,,,,,
26,5.0,,,,,,,
27,5.0,,,,,,,
28,5.0,,,,,,,
29,5.0,,,,,,,
30,5.0,0.5492108173318588,0.0,0.0,0.0,0.5,0.45078918266814116,9947
31,5.0,,,,,,,
32,5.0,,,,,,,
33,5.0,,,,,,,
34,5.0,,,,,,,
35,5.0,,,,,,,
36,5.0,,,,,,,
37,5.0,,,,,,,
38,5.0,,,,,,,
39,5.0,,,,,,,
40,5.0,0.5428772494219363,0.47719044170890657,0.14696699375557537,0.2247229326513214,0.5074025889517397,0.45466929634072467,9947
41,5.0,,,,,,,
42,5.0,,,,,,,
43,5.0,,,,,,,
44,5.0,,,,,,,
45,5.0,,,,,,,
46,5.0,,,,,,,
47,5.0,,,,,,,
48,5.0,,,,,,,
49,5.0,,,,,,,
50,5.0,0.5279983914748165,0.44200109950522265,0.1793041926851026,0.2551166111375536,0.4967544210725532,0.4492134425113645,9947
1,25.0,0.19379221050421555,39788,0.5492108173318588,0.0,0.0,0.0,0.5005282067033385,0.44855784877445937,9947
1,0.5,9.689610525210778,39788,,,,,,,
2,0.5,9.689610525210778,39788,,,,,,,
3,0.5,9.689610525210778,39788,,,,,,,
4,0.5,9.689610525210778,39788,,,,,,,
5,0.5,9.689610525210778,39788,,,,,,,
6,0.5,9.689610525210778,39788,,,,,,,
7,0.5,9.689610525210778,39788,,,,,,,
8,0.5,9.689610525210778,39788,,,,,,,
9,0.5,9.689610525210778,39788,,,,,,,
10,0.5,9.689610525210778,39788,0.5038705137227305,0.45161982407208756,0.46944692239072255,0.46036085292509565,0.5007860641607649,0.45117912471883415,9947
11,0.5,9.689610525210778,39788,,,,,,,
12,0.5,9.689610525210778,39788,,,,,,,
13,0.5,9.689610525210778,39788,,,,,,,
14,0.5,9.689610525210778,39788,,,,,,,
15,0.5,9.689610525210778,39788,,,,,,,
16,0.5,9.689610525210778,39788,,,,,,,
17,0.5,9.689610525210778,39788,,,,,,,
18,0.5,9.689610525210778,39788,,,,,,,
19,0.5,9.689610525210778,39788,,,,,,,
20,0.5,9.689610525210778,39788,0.5491102845078918,0.0,0.0,0.0,0.49990847519677833,0.45078918266814116,9947
21,0.5,9.689610525210778,39788,,,,,,,
22,0.5,9.689610525210778,39788,,,,,,,
23,0.5,9.689610525210778,39788,,,,,,,
24,0.5,9.689610525210778,39788,,,,,,,
25,0.5,9.689610525210778,39788,,,,,,,
26,0.5,9.689610525210778,39788,,,,,,,
27,0.5,9.689610525210778,39788,,,,,,,
28,0.5,9.689610525210778,39788,,,,,,,
29,0.5,9.689610525210778,39788,,,,,,,
30,0.5,9.689610525210778,39788,0.5385543379913542,0.4308093994778068,0.0735950044603033,0.12571428571428572,0.4968926880255022,0.44931877043513263,9947
31,0.5,9.689610525210778,39788,,,,,,,
32,0.5,9.689610525210778,39788,,,,,,,
33,0.5,9.689610525210778,39788,,,,,,,
34,0.5,9.689610525210778,39788,,,,,,,
35,0.5,9.689610525210778,39788,,,,,,,
36,0.5,9.689610525210778,39788,,,,,,,
37,0.5,9.689610525210778,39788,,,,,,,
38,0.5,9.689610525210778,39788,,,,,,,
39,0.5,9.689610525210778,39788,,,,,,,
40,0.5,9.689610525210778,39788,0.4757213230119634,0.45248927596516314,0.7763157894736842,0.57173359612384,0.5026554235671551,0.4521089919381977,9947
41,0.5,9.689610525210778,39788,,,,,,,
42,0.5,9.689610525210778,39788,,,,,,,
43,0.5,9.689610525210778,39788,,,,,,,
44,0.5,9.689610525210778,39788,,,,,,,
45,0.5,9.689610525210778,39788,,,,,,,
46,0.5,9.689610525210778,39788,,,,,,,
47,0.5,9.689610525210778,39788,,,,,,,
48,0.5,9.689610525210778,39788,,,,,,,
49,0.5,9.689610525210778,39788,,,,,,,
50,0.5,9.689610525210778,39788,0.4685834925103046,0.45627044711014175,0.9330954504906334,0.6128607001611249,0.5102050563820547,0.455903725581908,9947
1,0.5,9.689610525210778,39788,,,,,,,
2,0.5,9.689610525210778,39788,,,,,,,
3,0.5,9.689610525210778,39788,,,,,,,
4,0.5,9.689610525210778,39788,,,,,,,
5,0.5,9.689610525210778,39788,,,,,,,
6,0.5,9.689610525210778,39788,,,,,,,
7,0.5,9.689610525210778,39788,,,,,,,
8,0.5,9.689610525210778,39788,,,,,,,
9,0.5,9.689610525210778,39788,,,,,,,
10,0.5,9.689610525210778,39788,0.48034583291444655,0.45779420825631545,0.8285013380909901,0.5897293435986983,0.5115415348701335,0.45659285574130515,9947
11,0.5,9.689610525210778,39788,,,,,,,
12,0.5,9.689610525210778,39788,,,,,,,
13,0.5,9.689610525210778,39788,,,,,,,
14,0.5,9.689610525210778,39788,,,,,,,
15,0.5,9.689610525210778,39788,,,,,,,
16,0.5,9.689610525210778,39788,,,,,,,
17,0.5,9.689610525210778,39788,,,,,,,
18,0.5,9.689610525210778,39788,,,,,,,
19,0.5,9.689610525210778,39788,,,,,,,
20,0.5,9.689610525210778,39788,0.45078918266814116,0.45078918266814116,1.0,0.621439955651029,0.5,0.45078918266814116,9947
21,0.5,9.689610525210778,39788,,,,,,,
22,0.5,9.689610525210778,39788,,,,,,,
23,0.5,9.689610525210778,39788,,,,,,,
24,0.5,9.689610525210778,39788,,,,,,,
25,0.5,9.689610525210778,39788,,,,,,,
26,0.5,9.689610525210778,39788,,,,,,,
27,0.5,9.689610525210778,39788,,,,,,,
28,0.5,9.689610525210778,39788,,,,,,,
29,0.5,9.689610525210778,39788,,,,,,,
30,0.5,9.689610525210778,39788,0.45088971549210816,0.4508345063342047,1.0,0.6214830214830215,0.5000915248032216,0.4508345063342047,9947
31,0.5,9.689610525210778,39788,,,,,,,
32,0.5,9.689610525210778,39788,,,,,,,
33,0.5,9.689610525210778,39788,,,,,,,
34,0.5,9.689610525210778,39788,,,,,,,
35,0.5,9.689610525210778,39788,,,,,,,
36,0.5,9.689610525210778,39788,,,,,,,
37,0.5,9.689610525210778,39788,,,,,,,
38,0.5,9.689610525210778,39788,,,,,,,
39,0.5,9.689610525210778,39788,,,,,,,
40,0.5,9.689610525210778,39788,0.5367447471599477,0.4504,0.12555753791257807,0.1963725148238577,0.49990122914299967,0.4507403178505311,9947
41,0.5,9.689610525210778,39788,,,,,,,
42,0.5,9.689610525210778,39788,,,,,,,
43,0.5,9.689610525210778,39788,,,,,,,
44,0.5,9.689610525210778,39788,,,,,,,
45,0.5,9.689610525210778,39788,,,,,,,
46,0.5,9.689610525210778,39788,,,,,,,
47,0.5,9.689610525210778,39788,,,,,,,
48,0.5,9.689610525210778,39788,,,,,,,
49,0.5,9.689610525210778,39788,,,,,,,
50,0.5,9.689610525210778,39788,0.46787976274253545,0.450640634533252,0.8235950044603033,0.5825380550516602,0.49975283812617943,0.45066683916632455,9947
1,0.5,14.534415787816167,39788,,,,,,,
2,0.5,14.534415787816167,39788,,,,,,,
3,0.5,14.534415787816167,39788,,,,,,,
4,0.5,14.534415787816167,39788,,,,,,,
5,0.5,14.534415787816167,39788,,,,,,,
6,0.5,14.534415787816167,39788,,,,,,,
7,0.5,14.534415787816167,39788,,,,,,,
8,0.5,14.534415787816167,39788,,,,,,,
9,0.5,14.534415787816167,39788,,,,,,,
10,0.5,14.534415787816167,39788,0.5232733487483664,0.45554789800137835,0.29482604817127567,0.35797454643920934,0.5028038349953944,0.4521921759042115,9947
11,0.5,14.534415787816167,39788,,,,,,,
12,0.5,14.534415787816167,39788,,,,,,,
13,0.5,14.534415787816167,39788,,,,,,,
14,0.5,14.534415787816167,39788,,,,,,,
15,0.5,14.534415787816167,39788,,,,,,,
16,0.5,14.534415787816167,39788,,,,,,,
17,0.5,14.534415787816167,39788,,,,,,,
18,0.5,14.534415787816167,39788,,,,,,,
19,0.5,14.534415787816167,39788,,,,,,,
20,0.5,14.534415787816167,39788,0.5351362219764754,0.45949074074074076,0.17707404103479035,0.25563425627817127,0.5030528543083526,0.45233000271935525,9947
21,0.5,14.534415787816167,39788,,,,,,,
22,0.5,14.534415787816167,39788,,,,,,,
23,0.5,14.534415787816167,39788,,,,,,,
24,0.5,14.534415787816167,39788,,,,,,,
25,0.5,14.534415787816167,39788,,,,,,,
26,0.5,14.534415787816167,39788,,,,,,,
27,0.5,14.534415787816167,39788,,,,,,,
28,0.5,14.534415787816167,39788,,,,,,,
29,0.5,14.534415787816167,39788,,,,,,,
30,0.5,14.534415787816167,39788,0.45822861164170103,0.45264259549973834,0.9645405887600357,0.616140750765724,0.5035955735306676,0.4525768745719453,9947
31,0.5,14.534415787816167,39788,,,,,,,
32,0.5,14.534415787816167,39788,,,,,,,
33,0.5,14.534415787816167,39788,,,,,,,
34,0.5,14.534415787816167,39788,,,,,,,
35,0.5,14.534415787816167,39788,,,,,,,
36,0.5,14.534415787816167,39788,,,,,,,
37,0.5,14.534415787816167,39788,,,,,,,
38,0.5,14.534415787816167,39788,,,,,,,
39,0.5,14.534415787816167,39788,,,,,,,
40,0.5,14.534415787816167,39788,0.45792701316979995,0.4524607329842932,0.9636485280999108,0.61579022374234,0.503241068003827,0.452399969669946,9947
41,0.5,14.534415787816167,39788,,,,,,,
42,0.5,14.534415787816167,39788,,,,,,,
43,0.5,14.534415787816167,39788,,,,,,,
44,0.5,14.534415787816167,39788,,,,,,,
45,0.5,14.534415787816167,39788,,,,,,,
46,0.5,14.534415787816167,39788,,,,,,,
47,0.5,14.534415787816167,39788,,,,,,,
48,0.5,14.534415787816167,39788,,,,,,,
49,0.5,14.534415787816167,39788,,,,,,,
50,0.5,14.534415787816167,39788,0.5028651854830603,0.45234649576183583,0.487957181088314,0.4694775238708293,0.501529386809945,0.45154908477541233,9947
1,0.5,9.689610525210778,39788,,,,,,,
2,0.5,9.689610525210778,39788,,,,,,,
3,0.5,9.689610525210778,39788,,,,,,,
4,0.5,9.689610525210778,39788,,,,,,,
5,0.5,9.689610525210778,39788,,,,,,,
6,0.5,9.689610525210778,39788,,,,,,,
7,0.5,9.689610525210778,39788,,,,,,,
8,0.5,9.689610525210778,39788,,,,,,,
9,0.5,9.689610525210778,39788,,,,,,,
10,0.5,9.689610525210778,39788,0.5492108173318588,0.0,0.0,0.0,0.5,0.45078918266814116,9947
11,0.5,9.689610525210778,39788,,,,,,,
12,0.5,9.689610525210778,39788,,,,,,,
13,0.5,9.689610525210778,39788,,,,,,,
14,0.5,9.689610525210778,39788,,,,,,,
15,0.5,9.689610525210778,39788,,,,,,,
16,0.5,9.689610525210778,39788,,,,,,,
17,0.5,9.689610525210778,39788,,,,,,,
18,0.5,9.689610525210778,39788,,,,,,,
19,0.5,9.689610525210778,39788,,,,,,,
20,0.5,9.689610525210778,39788,0.5492108173318588,0.0,0.0,0.0,0.5,0.45078918266814116,9947
21,0.5,9.689610525210778,39788,,,,,,,
22,0.5,9.689610525210778,39788,,,,,,,
23,0.5,9.689610525210778,39788,,,,,,,
24,0.5,9.689610525210778,39788,,,,,,,
25,0.5,9.689610525210778,39788,,,,,,,
26,0.5,9.689610525210778,39788,,,,,,,
27,0.5,9.689610525210778,39788,,,,,,,
28,0.5,9.689610525210778,39788,,,,,,,
29,0.5,9.689610525210778,39788,,,,,,,
30,0.5,9.689610525210778,39788,0.4996481351161154,0.45053180814770216,0.5006690454950936,0.474279074680469,0.49973961152660595,0.4506603232126582,9947
31,0.5,9.689610525210778,39788,,,,,,,
32,0.5,9.689610525210778,39788,,,,,,,
33,0.5,9.689610525210778,39788,,,,,,,
34,0.5,9.689610525210778,39788,,,,,,,
35,0.5,9.689610525210778,39788,,,,,,,
36,0.5,9.689610525210778,39788,,,,,,,
37,0.5,9.689610525210778,39788,,,,,,,
38,0.5,9.689610525210778,39788,,,,,,,
39,0.5,9.689610525210778,39788,,,,,,,
40,0.5,9.689610525210778,39788,0.5247813411078717,0.4589110585052418,0.3026315789473684,0.3647359225910496,0.5048761043190073,0.4532471187767374,9947
41,0.5,9.689610525210778,39788,,,,,,,
42,0.5,9.689610525210778,39788,,,,,,,
43,0.5,9.689610525210778,39788,,,,,,,
44,0.5,9.689610525210778,39788,,,,,,,
45,0.5,9.689610525210778,39788,,,,,,,
46,0.5,9.689610525210778,39788,,,,,,,
47,0.5,9.689610525210778,39788,,,,,,,
48,0.5,9.689610525210778,39788,,,,,,,
49,0.5,9.689610525210778,39788,,,,,,,
50,0.5,9.689610525210778,39788,0.45078918266814116,0.45078918266814116,1.0,0.621439955651029,0.5,0.45078918266814116,9947
1,0.5,9.689610525210778,39788,,,,,,,
2,0.5,9.689610525210778,39788,,,,,,,
3,0.5,9.689610525210778,39788,,,,,,,
4,0.5,9.689610525210778,39788,,,,,,,
5,0.5,9.689610525210778,39788,,,,,,,
6,0.5,9.689610525210778,39788,,,,,,,
7,0.5,9.689610525210778,39788,,,,,,,
8,0.5,9.689610525210778,39788,,,,,,,
9,0.5,9.689610525210778,39788,,,,,,,
10,0.5,9.689610525210778,39788,0.5481049562682215,0.44554455445544555,0.010035682426404995,0.019629225736095966,0.4998924522327888,0.45073654924495404,9947
11,0.5,9.689610525210778,39788,,,,,,,
12,0.5,9.689610525210778,39788,,,,,,,
13,0.5,9.689610525210778,39788,,,,,,,
14,0.5,9.689610525210778,39788,,,,,,,
15,0.5,9.689610525210778,39788,,,,,,,
16,0.5,9.689610525210778,39788,,,,,,,
17,0.5,9.689610525210778,39788,,,,,,,
18,0.5,9.689610525210778,39788,,,,,,,
19,0.5,9.689610525210778,39788,,,,,,,
20,0.5,9.689610525210778,39788,0.45078918266814116,0.45078918266814116,1.0,0.621439955651029,0.5,0.45078918266814116,9947
21,0.5,9.689610525210778,39788,,,,,,,
22,0.5,9.689610525210778,39788,,,,,,,
23,0.5,9.689610525210778,39788,,,,,,,
24,0.5,9.689610525210778,39788,,,,,,,
25,0.5,9.689610525210778,39788,,,,,,,
26,0.5,9.689610525210778,39788,,,,,,,
27,0.5,9.689610525210778,39788,,,,,,,
28,0.5,9.689610525210778,39788,,,,,,,
29,0.5,9.689610525210778,39788,,,,,,,
30,0.5,9.689610525210778,39788,0.5492108173318588,0.0,0.0,0.0,0.5,0.45078918266814116,9947
31,0.5,9.689610525210778,39788,,,,,,,
32,0.5,9.689610525210778,39788,,,,,,,
33,0.5,9.689610525210778,39788,,,,,,,
34,0.5,9.689610525210778,39788,,,,,,,
35,0.5,9.689610525210778,39788,,,,,,,
36,0.5,9.689610525210778,39788,,,,,,,
37,0.5,9.689610525210778,39788,,,,,,,
38,0.5,9.689610525210778,39788,,,,,,,
39,0.5,9.689610525210778,39788,,,,,,,
40,0.5,9.689610525210778,39788,0.5492108173318588,0.0,0.0,0.0,0.5,0.45078918266814116,9947
41,0.5,9.689610525210778,39788,,,,,,,
42,0.5,9.689610525210778,39788,,,,,,,
43,0.5,9.689610525210778,39788,,,,,,,
44,0.5,9.689610525210778,39788,,,,,,,
45,0.5,9.689610525210778,39788,,,,,,,
46,0.5,9.689610525210778,39788,,,,,,,
47,0.5,9.689610525210778,39788,,,,,,,
48,0.5,9.689610525210778,39788,,,,,,,
49,0.5,9.689610525210778,39788,,,,,,,
50,0.5,9.689610525210778,39788,0.5041721121946315,0.45913900036483035,0.5613291703835861,0.5051173991571343,0.5092935436395324,0.45547617890867786,9947
1,25.0,0.19379221050421555,39788,0.5492108173318588,0.0,0.0,0.0,0.4965445916842573,0.44033193085073985,9947
1,0.5,9.689610525210778,39788,,,,,,,
2,0.5,9.689610525210778,39788,,,,,,,
3,0.5,9.689610525210778,39788,,,,,,,
4,0.5,9.689610525210778,39788,,,,,,,
5,0.5,9.689610525210778,39788,,,,,,,
6,0.5,9.689610525210778,39788,,,,,,,
7,0.5,9.689610525210778,39788,,,,,,,
8,0.5,9.689610525210778,39788,,,,,,,
9,0.5,9.689610525210778,39788,,,,,,,
10,0.5,9.689610525210778,39788,0.5489092188599578,0.42105263157894735,0.001784121320249777,0.0035531867643793028,0.4998852878246865,0.45073612905335225,9947
11,0.5,9.689610525210778,39788,,,,,,,
12,0.5,9.689610525210778,39788,,,,,,,
13,0.5,9.689610525210778,39788,,,,,,,
14,0.5,9.689610525210778,39788,,,,,,,
15,0.5,9.689610525210778,39788,,,,,,,
16,0.5,9.689610525210778,39788,,,,,,,
17,0.5,9.689610525210778,39788,,,,,,,
18,0.5,9.689610525210778,39788,,,,,,,
19,0.5,9.689610525210778,39788,,,,,,,
20,0.5,9.689610525210778,39788,0.5492108173318588,0.0,0.0,0.0,0.5,0.45078918266814116,9947
21,0.5,9.689610525210778,39788,,,,,,,
22,0.5,9.689610525210778,39788,,,,,,,
23,0.5,9.689610525210778,39788,,,,,,,
24,0.5,9.689610525210778,39788,,,,,,,
25,0.5,9.689610525210778,39788,,,,,,,
26,0.5,9.689610525210778,39788,,,,,,,
27,0.5,9.689610525210778,39788,,,,,,,
28,0.5,9.689610525210778,39788,,,,,,,
29,0.5,9.689610525210778,39788,,,,,,,
30,0.5,9.689610525210778,39788,0.5456921684930129,0.4444444444444444,0.031222123104371096,0.05834548864346739,0.49959422098839273,0.4505910864702559,9947
31,0.5,9.689610525210778,39788,,,,,,,
32,0.5,9.689610525210778,39788,,,,,,,
33,0.5,9.689610525210778,39788,,,,,,,
34,0.5,9.689610525210778,39788,,,,,,,
35,0.5,9.689610525210778,39788,,,,,,,
36,0.5,9.689610525210778,39788,,,,,,,
37,0.5,9.689610525210778,39788,,,,,,,
38,0.5,9.689610525210778,39788,,,,,,,
39,0.5,9.689610525210778,39788,,,,,,,
40,0.5,9.689610525210778,39788,0.54951241580376,0.5384615384615384,0.004683318465655665,0.009285872208711032,0.5006942127748376,0.4511997802309559,9947
41,0.5,9.689610525210778,39788,,,,,,,
42,0.5,9.689610525210778,39788,,,,,,,
43,0.5,9.689610525210778,39788,,,,,,,
44,0.5,9.689610525210778,39788,,,,,,,
45,0.5,9.689610525210778,39788,,,,,,,
46,0.5,9.689610525210778,39788,,,,,,,
47,0.5,9.689610525210778,39788,,,,,,,
48,0.5,9.689610525210778,39788,,,,,,,
49,0.5,9.689610525210778,39788,,,,,,,
50,0.5,9.689610525210778,39788,0.5492108173318588,0.0,0.0,0.0,0.5,0.45078918266814116,9947
1,0.5,9.689610525210778,39788,,,,,,,
2,0.5,9.689610525210778,39788,,,,,,,
3,0.5,9.689610525210778,39788,,,,,,,
4,0.5,9.689610525210778,39788,,,,,,,
5,0.5,9.689610525210778,39788,,,,,,,
6,0.5,9.689610525210778,39788,,,,,,,
7,0.5,9.689610525210778,39788,,,,,,,
8,0.5,9.689610525210778,39788,,,,,,,
9,0.5,9.689610525210778,39788,,,,,,,
10,0.5,9.689610525210778,39788,0.4760229214838645,0.44807417974322394,0.7004906333630687,0.5465460240125283,0.49613585301688123,0.44888734854968326,9947
11,0.5,9.689610525210778,39788,,,,,,,
12,0.5,9.689610525210778,39788,,,,,,,
13,0.5,9.689610525210778,39788,,,,,,,
14,0.5,9.689610525210778,39788,,,,,,,
15,0.5,9.689610525210778,39788,,,,,,,
16,0.5,9.689610525210778,39788,,,,,,,
17,0.5,9.689610525210778,39788,,,,,,,
18,0.5,9.689610525210778,39788,,,,,,,
19,0.5,9.689610525210778,39788,,,,,,,
20,0.5,9.689610525210778,39788,0.49502362521363225,0.44589439871511743,0.4953166815343443,0.46930797675647123,0.49504988387535453,0.44836471452370186,9947
21,0.5,9.689610525210778,39788,,,,,,,
22,0.5,9.689610525210778,39788,,,,,,,
23,0.5,9.689610525210778,39788,,,,,,,
24,0.5,9.689610525210778,39788,,,,,,,
25,0.5,9.689610525210778,39788,,,,,,,
26,0.5,9.689610525210778,39788,,,,,,,
27,0.5,9.689610525210778,39788,,,,,,,
28,0.5,9.689610525210778,39788,,,,,,,
29,0.5,9.689610525210778,39788,,,,,,,
30,0.5,9.689610525210778,39788,0.45078918266814116,0.45078918266814116,1.0,0.621439955651029,0.5,0.45078918266814116,9947
31,0.5,9.689610525210778,39788,,,,,,,
32,0.5,9.689610525210778,39788,,,,,,,
33,0.5,9.689610525210778,39788,,,,,,,
34,0.5,9.689610525210778,39788,,,,,,,
35,0.5,9.689610525210778,39788,,,,,,,
36,0.5,9.689610525210778,39788,,,,,,,
37,0.5,9.689610525210778,39788,,,,,,,
38,0.5,9.689610525210778,39788,,,,,,,
39,0.5,9.689610525210778,39788,,,,,,,
40,0.5,9.689610525210778,39788,0.4505881170202071,0.4506787330316742,0.9995539696699376,0.6212488737958278,0.4997769848349688,0.450678782295562,9947
41,0.5,9.689610525210778,39788,,,,,,,
42,0.5,9.689610525210778,39788,,,,,,,
43,0.5,9.689610525210778,39788,,,,,,,
44,0.5,9.689610525210778,39788,,,,,,,
45,0.5,9.689610525210778,39788,,,,,,,
46,0.5,9.689610525210778,39788,,,,,,,
47,0.5,9.689610525210778,39788,,,,,,,
48,0.5,9.689610525210778,39788,,,,,,,
49,0.5,9.689610525210778,39788,,,,,,,
50,0.5,9.689610525210778,39788,0.45078918266814116,0.45078918266814116,1.0,0.621439955651029,0.5,0.45078918266814116,9947
1,0.5,9.689610525210778,39788,,,,,,,
2,0.5,9.689610525210778,39788,,,,,,,
3,0.5,9.689610525210778,39788,,,,,,,
4,0.5,9.689610525210778,39788,,,,,,,
5,0.5,9.689610525210778,39788,,,,,,,
6,0.5,9.689610525210778,39788,,,,,,,
7,0.5,9.689610525210778,39788,,,,,,,
8,0.5,9.689610525210778,39788,,,,,,,
9,0.5,9.689610525210778,39788,,,,,,,
10,0.5,9.689610525210778,39788,0.5479038906202875,0.4940421631530706,0.12020517395182873,0.19336322869955158,0.5095808955975508,0.45598841471126716,9947
11,0.5,9.689610525210778,39788,,,,,,,
12,0.5,9.689610525210778,39788,,,,,,,
13,0.5,9.689610525210778,39788,,,,,,,
14,0.5,9.689610525210778,39788,,,,,,,
15,0.5,9.689610525210778,39788,,,,,,,
16,0.5,9.689610525210778,39788,,,,,,,
17,0.5,9.689610525210778,39788,,,,,,,
18,0.5,9.689610525210778,39788,,,,,,,
19,0.5,9.689610525210778,39788,,,,,,,
20,0.5,9.689610525210778,39788,0.5492108173318588,0.0,0.0,0.0,0.5,0.45078918266814116,9947
21,0.5,9.689610525210778,39788,,,,,,,
22,0.5,9.689610525210778,39788,,,,,,,
23,0.5,9.689610525210778,39788,,,,,,,
24,0.5,9.689610525210778,39788,,,,,,,
25,0.5,9.689610525210778,39788,,,,,,,
26,0.5,9.689610525210778,39788,,,,,,,
27,0.5,9.689610525210778,39788,,,,,,,
28,0.5,9.689610525210778,39788,,,,,,,
29,0.5,9.689610525210778,39788,,,,,,,
30,0.5,9.689610525210778,39788,0.5492108173318588,0.0,0.0,0.0,0.5,0.45078918266814116,9947
31,0.5,9.689610525210778,39788,,,,,,,
32,0.5,9.689610525210778,39788,,,,,,,
33,0.5,9.689610525210778,39788,,,,,,,
34,0.5,9.689610525210778,39788,,,,,,,
35,0.5,9.689610525210778,39788,,,,,,,
36,0.5,9.689610525210778,39788,,,,,,,
37,0.5,9.689610525210778,39788,,,,,,,
38,0.5,9.689610525210778,39788,,,,,,,
39,0.5,9.689610525210778,39788,,,,,,,
40,0.5,9.689610525210778,39788,0.5492108173318588,0.0,0.0,0.0,0.5,0.45078918266814116,9947
41,0.5,9.689610525210778,39788,,,,,,,
42,0.5,9.689610525210778,39788,,,,,,,
43,0.5,9.689610525210778,39788,,,,,,,
44,0.5,9.689610525210778,39788,,,,,,,
45,0.5,9.689610525210778,39788,,,,,,,
46,0.5,9.689610525210778,39788,,,,,,,
47,0.5,9.689610525210778,39788,,,,,,,
48,0.5,9.689610525210778,39788,,,,,,,
49,0.5,9.689610525210778,39788,,,,,,,
50,0.5,9.689610525210778,39788,0.5492108173318588,0.0,0.0,0.0,0.5,0.45078918266814116,9947
1,1.0,4.844805262605389,39788,,,,,,,
2,1.0,4.844805262605389,39788,,,,,,,
3,1.0,4.844805262605389,39788,,,,,,,
4,1.0,4.844805262605389,39788,,,,,,,
5,1.0,4.844805262605389,39788,,,,,,,
6,1.0,4.844805262605389,39788,,,,,,,
7,1.0,4.844805262605389,39788,,,,,,,
8,1.0,4.844805262605389,39788,,,,,,,
9,1.0,4.844805262605389,39788,,,,,,,
10,1.0,4.844805262605389,39788,0.5184477731979491,0.46090955544200307,0.4023193577163247,0.42962610145272684,0.5080423440604321,0.4548608045423711,9947
11,1.0,4.844805262605389,39788,,,,,,,
12,1.0,4.844805262605389,39788,,,,,,,
13,1.0,4.844805262605389,39788,,,,,,,
14,1.0,4.844805262605389,39788,,,,,,,
15,1.0,4.844805262605389,39788,,,,,,,
16,1.0,4.844805262605389,39788,,,,,,,
17,1.0,4.844805262605389,39788,,,,,,,
18,1.0,4.844805262605389,39788,,,,,,,
19,1.0,4.844805262605389,39788,,,,,,,
20,1.0,4.844805262605389,39788,0.5447873730773097,0.44054054054054054,0.03635147190008921,0.06716110424392253,0.49923010168315823,0.4504166294418256,9947
21,1.0,4.844805262605389,39788,,,,,,,
22,1.0,4.844805262605389,39788,,,,,,,
23,1.0,4.844805262605389,39788,,,,,,,
24,1.0,4.844805262605389,39788,,,,,,,
25,1.0,4.844805262605389,39788,,,,,,,
26,1.0,4.844805262605389,39788,,,,,,,
27,1.0,4.844805262605389,39788,,,,,,,
28,1.0,4.844805262605389,39788,,,,,,,
29,1.0,4.844805262605389,39788,,,,,,,
30,1.0,4.844805262605389,39788,0.5487081532120237,0.2727272727272727,0.0006690454950936663,0.0013348164627363737,0.4996023243217735,0.45067005114944747,9947
31,1.0,4.844805262605389,39788,,,,,,,
32,1.0,4.844805262605389,39788,,,,,,,
33,1.0,4.844805262605389,39788,,,,,,,
34,1.0,4.844805262605389,39788,,,,,,,
35,1.0,4.844805262605389,39788,,,,,,,
36,1.0,4.844805262605389,39788,,,,,,,
37,1.0,4.844805262605389,39788,,,,,,,
38,1.0,4.844805262605389,39788,,,,,,,
39,1.0,4.844805262605389,39788,,,,,,,
40,1.0,4.844805262605389,39788,0.5487081532120237,0.391304347826087,0.002007136485280999,0.0039937874417572666,0.49972222099753705,0.4506697884858088,9947
41,1.0,4.844805262605389,39788,,,,,,,
42,1.0,4.844805262605389,39788,,,,,,,
43,1.0,4.844805262605389,39788,,,,,,,
44,1.0,4.844805262605389,39788,,,,,,,
45,1.0,4.844805262605389,39788,,,,,,,
46,1.0,4.844805262605389,39788,,,,,,,
47,1.0,4.844805262605389,39788,,,,,,,
48,1.0,4.844805262605389,39788,,,,,,,
49,1.0,4.844805262605389,39788,,,,,,,
50,1.0,4.844805262605389,39788,0.5392580677591233,0.4786729857819905,0.24776984834968777,0.32652461425422485,0.5131399122766195,0.45769794833707217,9947
1,2.0,2.4224026313026945,39788,,,,,,,
2,2.0,2.4224026313026945,39788,,,,,,,
3,2.0,2.4224026313026945,39788,,,,,,,
4,2.0,2.4224026313026945,39788,,,,,,,
5,2.0,2.4224026313026945,39788,,,,,,,
6,2.0,2.4224026313026945,39788,,,,,,,
7,2.0,2.4224026313026945,39788,,,,,,,
8,2.0,2.4224026313026945,39788,,,,,,,
9,2.0,2.4224026313026945,39788,,,,,,,
10,2.0,2.4224026313026945,39788,0.5116115411681914,0.4590630472854641,0.4676628010704728,0.463323022536456,0.5076736117744822,0.4546585613707562,9947
11,2.0,2.4224026313026945,39788,,,,,,,
12,2.0,2.4224026313026945,39788,,,,,,,
13,2.0,2.4224026313026945,39788,,,,,,,
14,2.0,2.4224026313026945,39788,,,,,,,
15,2.0,2.4224026313026945,39788,,,,,,,
16,2.0,2.4224026313026945,39788,,,,,,,
17,2.0,2.4224026313026945,39788,,,,,,,
18,2.0,2.4224026313026945,39788,,,,,,,
19,2.0,2.4224026313026945,39788,,,,,,,
20,2.0,2.4224026313026945,39788,0.5492108173318588,0.0,0.0,0.0,0.5,0.45078918266814116,9947
21,2.0,2.4224026313026945,39788,,,,,,,
22,2.0,2.4224026313026945,39788,,,,,,,
23,2.0,2.4224026313026945,39788,,,,,,,
24,2.0,2.4224026313026945,39788,,,,,,,
25,2.0,2.4224026313026945,39788,,,,,,,
26,2.0,2.4224026313026945,39788,,,,,,,
27,2.0,2.4224026313026945,39788,,,,,,,
28,2.0,2.4224026313026945,39788,,,,,,,
29,2.0,2.4224026313026945,39788,,,,,,,
30,2.0,2.4224026313026945,39788,0.5022619885392581,0.46029586804965145,0.6037020517395183,0.5223347805113362,0.5113980221824771,0.4565305287360131,9947
31,2.0,2.4224026313026945,39788,,,,,,,
32,2.0,2.4224026313026945,39788,,,,,,,
33,2.0,2.4224026313026945,39788,,,,,,,
34,2.0,2.4224026313026945,39788,,,,,,,
35,2.0,2.4224026313026945,39788,,,,,,,
36,2.0,2.4224026313026945,39788,,,,,,,
37,2.0,2.4224026313026945,39788,,,,,,,
38,2.0,2.4224026313026945,39788,,,,,,,
39,2.0,2.4224026313026945,39788,,,,,,,
40,2.0,2.4224026313026945,39788,0.46707550015079924,0.453721536195763,0.8931757359500446,0.6017579445571332,0.5052552668401147,0.4534082896882405,9947
41,2.0,2.4224026313026945,39788,,,,,,,
42,2.0,2.4224026313026945,39788,,,,,,,
43,2.0,2.4224026313026945,39788,,,,,,,
44,2.0,2.4224026313026945,39788,,,,,,,
45,2.0,2.4224026313026945,39788,,,,,,,
46,2.0,2.4224026313026945,39788,,,,,,,
47,2.0,2.4224026313026945,39788,,,,,,,
48,2.0,2.4224026313026945,39788,,,,,,,
49,2.0,2.4224026313026945,39788,,,,,,,
50,2.0,2.4224026313026945,39788,0.5431788478938373,0.45548961424332346,0.06846565566458519,0.11903838697169446,0.5006432250499386,0.45111100079784255,9947
1,5.0,0.9689610525210778,39788,,,,,,,
2,5.0,0.9689610525210778,39788,,,,,,,
3,5.0,0.9689610525210778,39788,,,,,,,
4,5.0,0.9689610525210778,39788,,,,,,,
5,5.0,0.9689610525210778,39788,,,,,,,
6,5.0,0.9689610525210778,39788,,,,,,,
7,5.0,0.9689610525210778,39788,,,,,,,
8,5.0,0.9689610525210778,39788,,,,,,,
9,5.0,0.9689610525210778,39788,,,,,,,
10,5.0,0.9689610525210778,39788,0.45078918266814116,0.45078918266814116,1.0,0.621439955651029,0.5,0.45078918266814116,9947
11,5.0,0.9689610525210778,39788,,,,,,,
12,5.0,0.9689610525210778,39788,,,,,,,
13,5.0,0.9689610525210778,39788,,,,,,,
14,5.0,0.9689610525210778,39788,,,,,,,
15,5.0,0.9689610525210778,39788,,,,,,,
16,5.0,0.9689610525210778,39788,,,,,,,
17,5.0,0.9689610525210778,39788,,,,,,,
18,5.0,0.9689610525210778,39788,,,,,,,
19,5.0,0.9689610525210778,39788,,,,,,,
20,5.0,0.9689610525210778,39788,0.5127174022318287,0.4588342027670674,0.4511596788581623,0.45496457888226693,0.5073324349043103,0.45441587038174935,9947
21,5.0,0.9689610525210778,39788,,,,,,,
22,5.0,0.9689610525210778,39788,,,,,,,
23,5.0,0.9689610525210778,39788,,,,,,,
24,5.0,0.9689610525210778,39788,,,,,,,
25,5.0,0.9689610525210778,39788,,,,,,,
26,5.0,0.9689610525210778,39788,,,,,,,
27,5.0,0.9689610525210778,39788,,,,,,,
28,5.0,0.9689610525210778,39788,,,,,,,
29,5.0,0.9689610525210778,39788,,,,,,,
30,5.0,0.9689610525210778,39788,0.5485070875640897,0.23076923076923078,0.0006690454950936663,0.00133422281521014,0.49941927471533015,0.4506419793104925,9947
31,5.0,0.9689610525210778,39788,,,,,,,
32,5.0,0.9689610525210778,39788,,,,,,,
33,5.0,0.9689610525210778,39788,,,,,,,
34,5.0,0.9689610525210778,39788,,,,,,,
35,5.0,0.9689610525210778,39788,,,,,,,
36,5.0,0.9689610525210778,39788,,,,,,,
37,5.0,0.9689610525210778,39788,,,,,,,
38,5.0,0.9689610525210778,39788,,,,,,,
39,5.0,0.9689610525210778,39788,,,,,,,
40,5.0,0.9689610525210778,39788,0.5168392480144768,0.4279964221824687,0.21342551293487957,0.28482142857142856,0.4896793945744488,0.4459145881511585,9947
41,5.0,0.9689610525210778,39788,,,,,,,
42,5.0,0.9689610525210778,39788,,,,,,,
43,5.0,0.9689610525210778,39788,,,,,,,
44,5.0,0.9689610525210778,39788,,,,,,,
45,5.0,0.9689610525210778,39788,,,,,,,
46,5.0,0.9689610525210778,39788,,,,,,,
47,5.0,0.9689610525210778,39788,,,,,,,
48,5.0,0.9689610525210778,39788,,,,,,,
49,5.0,0.9689610525210778,39788,,,,,,,
50,5.0,0.9689610525210778,39788,0.5173419121343118,0.4486888960828747,0.3090990187332739,0.3660372375544698,0.4987595164159247,0.4501395575396996,9947
1,5.0,0.9689610525210778,39788,,,,,,,
2,5.0,0.9689610525210778,39788,,,,,,,
3,5.0,0.9689610525210778,39788,,,,,,,
4,5.0,0.9689610525210778,39788,,,,,,,
5,5.0,0.9689610525210778,39788,,,,,,,
6,5.0,0.9689610525210778,39788,,,,,,,
7,5.0,0.9689610525210778,39788,,,,,,,
8,5.0,0.9689610525210778,39788,,,,,,,
9,5.0,0.9689610525210778,39788,,,,,,,
10,5.0,0.9689610525210778,39788,0.5301095807781241,0.4385510996119017,0.1512042818911686,0.22487562189054727,0.4964899707267592,0.44885430401937615,9947
11,5.0,0.9689610525210778,39788,,,,,,,
12,5.0,0.9689610525210778,39788,,,,,,,
13,5.0,0.9689610525210778,39788,,,,,,,
14,5.0,0.9689610525210778,39788,,,,,,,
15,5.0,0.9689610525210778,39788,,,,,,,
16,5.0,0.9689610525210778,39788,,,,,,,
17,5.0,0.9689610525210778,39788,,,,,,,
18,5.0,0.9689610525210778,39788,,,,,,,
19,5.0,0.9689610525210778,39788,,,,,,,
20,5.0,0.9689610525210778,39788,0.4654669749673268,0.4538299523334442,0.9130240856378233,0.6062939651980748,0.5055613768922814,0.4535654786114397,9947
21,5.0,0.9689610525210778,39788,,,,,,,
22,5.0,0.9689610525210778,39788,,,,,,,
23,5.0,0.9689610525210778,39788,,,,,,,
24,5.0,0.9689610525210778,39788,,,,,,,
25,5.0,0.9689610525210778,39788,,,,,,,
26,5.0,0.9689610525210778,39788,,,,,,,
27,5.0,0.9689610525210778,39788,,,,,,,
28,5.0,0.9689610525210778,39788,,,,,,,
29,5.0,0.9689610525210778,39788,,,,,,,
30,5.0,0.9689610525210778,39788,0.5118126068161255,0.44841930116472545,0.3606155218554862,0.3997527812113721,0.49840674585970696,0.44993361186523184,9947
31,5.0,0.9689610525210778,39788,,,,,,,
32,5.0,0.9689610525210778,39788,,,,,,,
33,5.0,0.9689610525210778,39788,,,,,,,
34,5.0,0.9689610525210778,39788,,,,,,,
35,5.0,0.9689610525210778,39788,,,,,,,
36,5.0,0.9689610525210778,39788,,,,,,,
37,5.0,0.9689610525210778,39788,,,,,,,
38,5.0,0.9689610525210778,39788,,,,,,,
39,5.0,0.9689610525210778,39788,,,,,,,
40,5.0,0.9689610525210778,39788,0.47260480546898564,0.45307881773399017,0.8204727921498662,0.5837829260552205,0.5037791946568456,0.4526682915862625,9947
41,5.0,0.9689610525210778,39788,,,,,,,
42,5.0,0.9689610525210778,39788,,,,,,,
43,5.0,0.9689610525210778,39788,,,,,,,
44,5.0,0.9689610525210778,39788,,,,,,,
45,5.0,0.9689610525210778,39788,,,,,,,
46,5.0,0.9689610525210778,39788,,,,,,,
47,5.0,0.9689610525210778,39788,,,,,,,
48,5.0,0.9689610525210778,39788,,,,,,,
49,5.0,0.9689610525210778,39788,,,,,,,
50,5.0,0.9689610525210778,39788,0.45078918266814116,0.45078918266814116,1.0,0.621439955651029,0.5,0.45078918266814116,9947
1,1.0,4.844805262605389,39788,,,,,,,
2,1.0,4.844805262605389,39788,,,,,,,
3,1.0,4.844805262605389,39788,,,,,,,
4,1.0,4.844805262605389,39788,,,,,,,
5,1.0,4.844805262605389,39788,,,,,,,
6,1.0,4.844805262605389,39788,,,,,,,
7,1.0,4.844805262605389,39788,,,,,,,
8,1.0,4.844805262605389,39788,,,,,,,
9,1.0,4.844805262605389,39788,,,,,,,
10,1.0,4.844805262605389,39788,0.5492108173318588,0.0,0.0,0.0,0.5,0.45078918266814116,9947
11,1.0,4.844805262605389,39788,,,,,,,
12,1.0,4.844805262605389,39788,,,,,,,
13,1.0,4.844805262605389,39788,,,,,,,
14,1.0,4.844805262605389,39788,,,,,,,
15,1.0,4.844805262605389,39788,,,,,,,
16,1.0,4.844805262605389,39788,,,,,,,
17,1.0,4.844805262605389,39788,,,,,,,
18,1.0,4.844805262605389,39788,,,,,,,
19,1.0,4.844805262605389,39788,,,,,,,
20,1.0,4.844805262605389,39788,0.5310143761938273,0.44297416509136733,0.15677966101694915,0.23159281831658704,0.4974819044605156,0.44956394686161305,9947
21,1.0,4.844805262605389,39788,,,,,,,
22,1.0,4.844805262605389,39788,,,,,,,
23,1.0,4.844805262605389,39788,,,,,,,
24,1.0,4.844805262605389,39788,,,,,,,
25,1.0,4.844805262605389,39788,,,,,,,
26,1.0,4.844805262605389,39788,,,,,,,
27,1.0,4.844805262605389,39788,,,,,,,
28,1.0,4.844805262605389,39788,,,,,,,
29,1.0,4.844805262605389,39788,,,,,,,
30,1.0,4.844805262605389,39788,0.5190509701417513,0.4499332443257677,0.3006244424620874,0.360427807486631,0.49947934552172646,0.45053186668118317,9947
31,1.0,4.844805262605389,39788,,,,,,,
32,1.0,4.844805262605389,39788,,,,,,,
33,1.0,4.844805262605389,39788,,,,,,,
34,1.0,4.844805262605389,39788,,,,,,,
35,1.0,4.844805262605389,39788,,,,,,,
36,1.0,4.844805262605389,39788,,,,,,,
37,1.0,4.844805262605389,39788,,,,,,,
38,1.0,4.844805262605389,39788,,,,,,,
39,1.0,4.844805262605389,39788,,,,,,,
40,1.0,4.844805262605389,39788,0.5164371167186086,0.46278538812785386,0.45205173951828725,0.45735559566787004,0.5106680077785468,0.4562120882138231,9947
41,1.0,4.844805262605389,39788,,,,,,,
42,1.0,4.844805262605389,39788,,,,,,,
43,1.0,4.844805262605389,39788,,,,,,,
44,1.0,4.844805262605389,39788,,,,,,,
45,1.0,4.844805262605389,39788,,,,,,,
46,1.0,4.844805262605389,39788,,,,,,,
47,1.0,4.844805262605389,39788,,,,,,,
48,1.0,4.844805262605389,39788,,,,,,,
49,1.0,4.844805262605389,39788,,,,,,,
50,1.0,4.844805262605389,39788,0.45078918266814116,0.45078918266814116,1.0,0.621439955651029,0.5,0.45078918266814116,9947
1,1.0,4.844805262605389,39788,,,,,,,
2,1.0,4.844805262605389,39788,,,,,,,
3,1.0,4.844805262605389,39788,,,,,,,
4,1.0,4.844805262605389,39788,,,,,,,
5,1.0,4.844805262605389,39788,,,,,,,
6,1.0,4.844805262605389,39788,,,,,,,
7,1.0,4.844805262605389,39788,,,,,,,
8,1.0,4.844805262605389,39788,,,,,,,
9,1.0,4.844805262605389,39788,,,,,,,
10,1.0,4.844805262605389,39788,0.5488086860359908,0.16666666666666666,0.00022301516503122213,0.00044543429844097997,0.4996538835664073,0.450725819038346,9947
11,1.0,4.844805262605389,39788,,,,,,,
12,1.0,4.844805262605389,39788,,,,,,,
13,1.0,4.844805262605389,39788,,,,,,,
14,1.0,4.844805262605389,39788,,,,,,,
15,1.0,4.844805262605389,39788,,,,,,,
16,1.0,4.844805262605389,39788,,,,,,,
17,1.0,4.844805262605389,39788,,,,,,,
18,1.0,4.844805262605389,39788,,,,,,,
19,1.0,4.844805262605389,39788,,,,,,,
20,1.0,4.844805262605389,39788,0.5441841761335076,0.4053030303030303,0.023862622658340767,0.04507160909856782,0.4975619172233677,0.44970376377807275,9947
21,1.0,4.844805262605389,39788,,,,,,,
22,1.0,4.844805262605389,39788,,,,,,,
23,1.0,4.844805262605389,39788,,,,,,,
24,1.0,4.844805262605389,39788,,,,,,,
25,1.0,4.844805262605389,39788,,,,,,,
26,1.0,4.844805262605389,39788,,,,,,,
27,1.0,4.844805262605389,39788,,,,,,,
28,1.0,4.844805262605389,39788,,,,,,,
29,1.0,4.844805262605389,39788,,,,,,,
30,1.0,4.844805262605389,39788,0.5492108173318588,0.0,0.0,0.0,0.5,0.45078918266814116,9947
31,1.0,4.844805262605389,39788,,,,,,,
32,1.0,4.844805262605389,39788,,,,,,,
33,1.0,4.844805262605389,39788,,,,,,,
34,1.0,4.844805262605389,39788,,,,,,,
35,1.0,4.844805262605389,39788,,,,,,,
36,1.0,4.844805262605389,39788,,,,,,,
37,1.0,4.844805262605389,39788,,,,,,,
38,1.0,4.844805262605389,39788,,,,,,,
39,1.0,4.844805262605389,39788,,,,,,,
40,1.0,4.844805262605389,39788,0.45078918266814116,0.45078918266814116,1.0,0.621439955651029,0.5,0.45078918266814116,9947
41,1.0,4.844805262605389,39788,,,,,,,
42,1.0,4.844805262605389,39788,,,,,,,
43,1.0,4.844805262605389,39788,,,,,,,
44,1.0,4.844805262605389,39788,,,,,,,
45,1.0,4.844805262605389,39788,,,,,,,
46,1.0,4.844805262605389,39788,,,,,,,
47,1.0,4.844805262605389,39788,,,,,,,
48,1.0,4.844805262605389,39788,,,,,,,
49,1.0,4.844805262605389,39788,,,,,,,
50,1.0,4.844805262605389,39788,0.45088971549210816,0.4508345063342047,1.0,0.6214830214830215,0.5000915248032216,0.4508345063342047,9947
1,0.5,9.689610525210778,39788,,,,,,,
2,0.5,9.689610525210778,39788,,,,,,,
3,0.5,9.689610525210778,39788,,,,,,,
4,0.5,9.689610525210778,39788,,,,,,,
5,0.5,9.689610525210778,39788,,,,,,,
6,0.5,9.689610525210778,39788,,,,,,,
7,0.5,9.689610525210778,39788,,,,,,,
8,0.5,9.689610525210778,39788,,,,,,,
9,0.5,9.689610525210778,39788,,,,,,,
10,0.5,9.689610525210778,39788,0.45290037197144867,0.45094223678820156,0.981935771632471,0.6180516563728242,0.5003034157448462,0.4509394719836242,9947
11,0.5,9.689610525210778,39788,,,,,,,
12,0.5,9.689610525210778,39788,,,,,,,
13,0.5,9.689610525210778,39788,,,,,,,
14,0.5,9.689610525210778,39788,,,,,,,
15,0.5,9.689610525210778,39788,,,,,,,
16,0.5,9.689610525210778,39788,,,,,,,
17,0.5,9.689610525210778,39788,,,,,,,
18,0.5,9.689610525210778,39788,,,,,,,
19,0.5,9.689610525210778,39788,,,,,,,
20,0.5,9.689610525210778,39788,0.5211621594450588,0.4330292846855497,0.20115967885816236,0.2747068676716918,0.49248904682428524,0.44721660729340934,9947
21,0.5,9.689610525210778,39788,,,,,,,
22,0.5,9.689610525210778,39788,,,,,,,
23,0.5,9.689610525210778,39788,,,,,,,
24,0.5,9.689610525210778,39788,,,,,,,
25,0.5,9.689610525210778,39788,,,,,,,
26,0.5,9.689610525210778,39788,,,,,,,
27,0.5,9.689610525210778,39788,,,,,,,
28,0.5,9.689610525210778,39788,,,,,,,
29,0.5,9.689610525210778,39788,,,,,,,
30,0.5,9.689610525210778,39788,0.5492108173318588,0.0,0.0,0.0,0.5,0.45078918266814116,9947
31,0.5,9.689610525210778,39788,,,,,,,
32,0.5,9.689610525210778,39788,,,,,,,
33,0.5,9.689610525210778,39788,,,,,,,
34,0.5,9.689610525210778,39788,,,,,,,
35,0.5,9.689610525210778,39788,,,,,,,
36,0.5,9.689610525210778,39788,,,,,,,
37,0.5,9.689610525210778,39788,,,,,,,
38,0.5,9.689610525210778,39788,,,,,,,
39,0.5,9.689610525210778,39788,,,,,,,
40,0.5,9.689610525210778,39788,0.529606916658289,0.4415817855002996,0.1643621766280107,0.23955793921664228,0.496879971711406,0.44927583482855615,9947
41,0.5,9.689610525210778,39788,,,,,,,
42,0.5,9.689610525210778,39788,,,,,,,
43,0.5,9.689610525210778,39788,,,,,,,
44,0.5,9.689610525210778,39788,,,,,,,
45,0.5,9.689610525210778,39788,,,,,,,
46,0.5,9.689610525210778,39788,,,,,,,
47,0.5,9.689610525210778,39788,,,,,,,
48,0.5,9.689610525210778,39788,,,,,,,
49,0.5,9.689610525210778,39788,,,,,,,
50,0.5,9.689610525210778,39788,0.5463958982607822,0.43577981651376146,0.0211864406779661,0.040408336877924285,0.49933566954271724,0.45047118762249755,9947
1,50.0,0.09689610525210778,39788,,,,,,,
2,50.0,0.09689610525210778,39788,,,,,,,
3,50.0,0.09689610525210778,39788,,,,,,,
4,50.0,0.09689610525210778,39788,,,,,,,
5,50.0,0.09689610525210778,39788,,,,,,,
6,50.0,0.09689610525210778,39788,,,,,,,
7,50.0,0.09689610525210778,39788,,,,,,,
8,50.0,0.09689610525210778,39788,,,,,,,
9,50.0,0.09689610525210778,39788,,,,,,,
10,50.0,0.09689610525210778,39788,0.5434804463657384,0.42857142857142855,0.038135593220338986,0.07003891050583658,0.48464387707231016,0.4356798647090505,9947
11,50.0,0.09689610525210778,39788,,,,,,,
12,50.0,0.09689610525210778,39788,,,,,,,
13,50.0,0.09689610525210778,39788,,,,,,,
14,50.0,0.09689610525210778,39788,,,,,,,
15,50.0,0.09689610525210778,39788,,,,,,,
16,50.0,0.09689610525210778,39788,,,,,,,
17,50.0,0.09689610525210778,39788,,,,,,,
18,50.0,0.09689610525210778,39788,,,,,,,
19,50.0,0.09689610525210778,39788,,,,,,,
20,50.0,0.09689610525210778,39788,0.5016587915954559,0.45182318191077614,0.49464763603925066,0.47226658149685935,0.5013770972120778,0.4518945318250301,9947
21,50.0,0.09689610525210778,39788,,,,,,,
22,50.0,0.09689610525210778,39788,,,,,,,
23,50.0,0.09689610525210778,39788,,,,,,,
24,50.0,0.09689610525210778,39788,,,,,,,
25,50.0,0.09689610525210778,39788,,,,,,,
26,50.0,0.09689610525210778,39788,,,,,,,
27,50.0,0.09689610525210778,39788,,,,,,,
28,50.0,0.09689610525210778,39788,,,,,,,
29,50.0,0.09689610525210778,39788,,,,,,,
30,50.0,0.09689610525210778,39788,0.5242786769880365,0.46318289786223277,0.3479036574487065,0.3973509933774834,0.503687873967815,0.45256764082204665,9947
31,50.0,0.09689610525210778,39788,,,,,,,
32,50.0,0.09689610525210778,39788,,,,,,,
33,50.0,0.09689610525210778,39788,,,,,,,
34,50.0,0.09689610525210778,39788,,,,,,,
35,50.0,0.09689610525210778,39788,,,,,,,
36,50.0,0.09689610525210778,39788,,,,,,,
37,50.0,0.09689610525210778,39788,,,,,,,
38,50.0,0.09689610525210778,39788,,,,,,,
39,50.0,0.09689610525210778,39788,,,,,,,
40,50.0,0.09689610525210778,39788,0.5492108173318588,0.0,0.0,0.0,0.5022908552107006,0.451933512883782,9947
41,50.0,0.09689610525210778,39788,,,,,,,
42,50.0,0.09689610525210778,39788,,,,,,,
43,50.0,0.09689610525210778,39788,,,,,,,
44,50.0,0.09689610525210778,39788,,,,,,,
45,50.0,0.09689610525210778,39788,,,,,,,
46,50.0,0.09689610525210778,39788,,,,,,,
47,50.0,0.09689610525210778,39788,,,,,,,
48,50.0,0.09689610525210778,39788,,,,,,,
49,50.0,0.09689610525210778,39788,,,,,,,
50,50.0,0.09689610525210778,39788,0.5474012265004524,0.4407894736842105,0.014942016057091882,0.028904227782571183,0.5041119211995121,0.4531756699305173,9947
1,1.0,4.844805262605389,39788,,,,,,,
2,1.0,4.844805262605389,39788,,,,,,,
3,1.0,4.844805262605389,39788,,,,,,,
4,1.0,4.844805262605389,39788,,,,,,,
5,1.0,4.844805262605389,39788,,,,,,,
6,1.0,4.844805262605389,39788,,,,,,,
7,1.0,4.844805262605389,39788,,,,,,,
8,1.0,4.844805262605389,39788,,,,,,,
9,1.0,4.844805262605389,39788,,,,,,,
10,1.0,4.844805262605389,39788,0.5492108173318588,0.0,0.0,0.0,0.5,0.45078918266814116,9947
11,1.0,4.844805262605389,39788,,,,,,,
12,1.0,4.844805262605389,39788,,,,,,,
13,1.0,4.844805262605389,39788,,,,,,,
14,1.0,4.844805262605389,39788,,,,,,,
15,1.0,4.844805262605389,39788,,,,,,,
16,1.0,4.844805262605389,39788,,,,,,,
17,1.0,4.844805262605389,39788,,,,,,,
18,1.0,4.844805262605389,39788,,,,,,,
19,1.0,4.844805262605389,39788,,,,,,,
20,1.0,4.844805262605389,39788,0.5492108173318588,0.0,0.0,0.0,0.5,0.45078918266814116,9947
21,1.0,4.844805262605389,39788,,,,,,,
22,1.0,4.844805262605389,39788,,,,,,,
23,1.0,4.844805262605389,39788,,,,,,,
24,1.0,4.844805262605389,39788,,,,,,,
25,1.0,4.844805262605389,39788,,,,,,,
26,1.0,4.844805262605389,39788,,,,,,,
27,1.0,4.844805262605389,39788,,,,,,,
28,1.0,4.844805262605389,39788,,,,,,,
29,1.0,4.844805262605389,39788,,,,,,,
30,1.0,4.844805262605389,39788,0.5474012265004524,0.2857142857142857,0.0026761819803746653,0.005302695536897923,0.49859234689353715,0.45034741220350105,9947
31,1.0,4.844805262605389,39788,,,,,,,
32,1.0,4.844805262605389,39788,,,,,,,
33,1.0,4.844805262605389,39788,,,,,,,
34,1.0,4.844805262605389,39788,,,,,,,
35,1.0,4.844805262605389,39788,,,,,,,
36,1.0,4.844805262605389,39788,,,,,,,
37,1.0,4.844805262605389,39788,,,,,,,
38,1.0,4.844805262605389,39788,,,,,,,
39,1.0,4.844805262605389,39788,,,,,,,
40,1.0,4.844805262605389,39788,0.5192520357896854,0.4437311178247734,0.262042818911686,0.3295008412787437,0.49620537431031864,0.4489396674605236,9947
41,1.0,4.844805262605389,39788,,,,,,,
42,1.0,4.844805262605389,39788,,,,,,,
43,1.0,4.844805262605389,39788,,,,,,,
44,1.0,4.844805262605389,39788,,,,,,,
45,1.0,4.844805262605389,39788,,,,,,,
46,1.0,4.844805262605389,39788,,,,,,,
47,1.0,4.844805262605389,39788,,,,,,,
48,1.0,4.844805262605389,39788,,,,,,,
49,1.0,4.844805262605389,39788,,,,,,,
50,1.0,4.844805262605389,39788,0.5192520357896854,0.46119791666666665,0.39495985727029437,0.42551657856799613,0.5081151107695057,0.45490021476256326,9947
1,1.0,4.844805262605389,39788,,,,,,,
2,1.0,4.844805262605389,39788,,,,,,,
3,1.0,4.844805262605389,39788,,,,,,,
4,1.0,4.844805262605389,39788,,,,,,,
5,1.0,4.844805262605389,39788,,,,,,,
6,1.0,4.844805262605389,39788,,,,,,,
7,1.0,4.844805262605389,39788,,,,,,,
8,1.0,4.844805262605389,39788,,,,,,,
9,1.0,4.844805262605389,39788,,,,,,,
10,1.0,4.844805262605389,39788,0.4521966422036795,0.45103014310362327,0.9910793933987511,0.6199344353769966,0.500482036073346,0.4510279935903719,9947
11,1.0,4.844805262605389,39788,,,,,,,
12,1.0,4.844805262605389,39788,,,,,,,
13,1.0,4.844805262605389,39788,,,,,,,
14,1.0,4.844805262605389,39788,,,,,,,
15,1.0,4.844805262605389,39788,,,,,,,
16,1.0,4.844805262605389,39788,,,,,,,
17,1.0,4.844805262605389,39788,,,,,,,
18,1.0,4.844805262605389,39788,,,,,,,
19,1.0,4.844805262605389,39788,,,,,,,
20,1.0,4.844805262605389,39788,0.5447873730773097,0.4290322580645161,0.029661016949152543,0.05548602419691281,0.4986306183043401,0.4501438501587116,9947
21,1.0,4.844805262605389,39788,,,,,,,
22,1.0,4.844805262605389,39788,,,,,,,
23,1.0,4.844805262605389,39788,,,,,,,
24,1.0,4.844805262605389,39788,,,,,,,
25,1.0,4.844805262605389,39788,,,,,,,
26,1.0,4.844805262605389,39788,,,,,,,
27,1.0,4.844805262605389,39788,,,,,,,
28,1.0,4.844805262605389,39788,,,,,,,
29,1.0,4.844805262605389,39788,,,,,,,
30,1.0,4.844805262605389,39788,0.5243792098120036,0.45686342996856444,0.29170383586083853,0.3560636994691711,0.5035308489207176,0.45256106390564194,9947
31,1.0,4.844805262605389,39788,,,,,,,
32,1.0,4.844805262605389,39788,,,,,,,
33,1.0,4.844805262605389,39788,,,,,,,
34,1.0,4.844805262605389,39788,,,,,,,
35,1.0,4.844805262605389,39788,,,,,,,
36,1.0,4.844805262605389,39788,,,,,,,
37,1.0,4.844805262605389,39788,,,,,,,
38,1.0,4.844805262605389,39788,,,,,,,
39,1.0,4.844805262605389,39788,,,,,,,
40,1.0,4.844805262605389,39788,0.5043731778425656,0.45531062124248495,0.5066904549509367,0.4796284568292168,0.504580812318961,0.4530801524364081,9947
41,1.0,4.844805262605389,39788,,,,,,,
42,1.0,4.844805262605389,39788,,,,,,,
43,1.0,4.844805262605389,39788,,,,,,,
44,1.0,4.844805262605389,39788,,,,,,,
45,1.0,4.844805262605389,39788,,,,,,,
46,1.0,4.844805262605389,39788,,,,,,,
47,1.0,4.844805262605389,39788,,,,,,,
48,1.0,4.844805262605389,39788,,,,,,,
49,1.0,4.844805262605389,39788,,,,,,,
50,1.0,4.844805262605389,39788,0.5394591334070574,0.4552995391705069,0.11016949152542373,0.17741066618782547,0.500993587058703,0.4512860863506052,9947
1,5.0,0.9689610525210778,39788,,,,,,,
2,5.0,0.9689610525210778,39788,,,,,,,
3,5.0,0.9689610525210778,39788,,,,,,,
4,5.0,0.9689610525210778,39788,,,,,,,
5,5.0,0.9689610525210778,39788,,,,,,,
6,5.0,0.9689610525210778,39788,,,,,,,
7,5.0,0.9689610525210778,39788,,,,,,,
8,5.0,0.9689610525210778,39788,,,,,,,
9,5.0,0.9689610525210778,39788,,,,,,,
10,5.0,0.9689610525210778,39788,0.5492108173318588,0.0,0.0,0.0,0.5,0.45078918266814116,9947
11,5.0,0.9689610525210778,39788,,,,,,,
12,5.0,0.9689610525210778,39788,,,,,,,
13,5.0,0.9689610525210778,39788,,,,,,,
14,5.0,0.9689610525210778,39788,,,,,,,
15,5.0,0.9689610525210778,39788,,,,,,,
16,5.0,0.9689610525210778,39788,,,,,,,
17,5.0,0.9689610525210778,39788,,,,,,,
18,5.0,0.9689610525210778,39788,,,,,,,
19,5.0,0.9689610525210778,39788,,,,,,,
20,5.0,0.9689610525210778,39788,0.5488086860359908,0.35714285714285715,0.0011150758251561106,0.0022232103156958646,0.49964239193745685,0.45068475991443324,9947
21,5.0,0.9689610525210778,39788,,,,,,,
22,5.0,0.9689610525210778,39788,,,,,,,
23,5.0,0.9689610525210778,39788,,,,,,,
24,5.0,0.9689610525210778,39788,,,,,,,
25,5.0,0.9689610525210778,39788,,,,,,,
26,5.0,0.9689610525210778,39788,,,,,,,
27,5.0,0.9689610525210778,39788,,,,,,,
28,5.0,0.9689610525210778,39788,,,,,,,
29,5.0,0.9689610525210778,39788,,,,,,,
30,5.0,0.9689610525210778,39788,0.4618477933045139,0.45012053725175066,0.8744424620874219,0.5943160287987874,0.49881742361189696,0.45020449072396923,9947
31,5.0,0.9689610525210778,39788,,,,,,,
32,5.0,0.9689610525210778,39788,,,,,,,
33,5.0,0.9689610525210778,39788,,,,,,,
34,5.0,0.9689610525210778,39788,,,,,,,
35,5.0,0.9689610525210778,39788,,,,,,,
36,5.0,0.9689610525210778,39788,,,,,,,
37,5.0,0.9689610525210778,39788,,,,,,,
38,5.0,0.9689610525210778,39788,,,,,,,
39,5.0,0.9689610525210778,39788,,,,,,,
40,5.0,0.9689610525210778,39788,0.5121142052880265,0.44609991235758106,0.3405441570026762,0.3862400404704692,0.49674105159304593,0.44919227906327386,9947
41,5.0,0.9689610525210778,39788,,,,,,,
42,5.0,0.9689610525210778,39788,,,,,,,
43,5.0,0.9689610525210778,39788,,,,,,,
44,5.0,0.9689610525210778,39788,,,,,,,
45,5.0,0.9689610525210778,39788,,,,,,,
46,5.0,0.9689610525210778,39788,,,,,,,
47,5.0,0.9689610525210778,39788,,,,,,,
48,5.0,0.9689610525210778,39788,,,,,,,
49,5.0,0.9689610525210778,39788,,,,,,,
50,5.0,0.9689610525210778,39788,0.5389564692872223,0.4328947368421053,0.07337198929527208,0.12547673531655226,0.4972567256850603,0.4494724070410233,9947
1,5.0,0.9689610525210778,39788,,,,,,,
2,5.0,0.9689610525210778,39788,,,,,,,
3,5.0,0.9689610525210778,39788,,,,,,,
4,5.0,0.9689610525210778,39788,,,,,,,
5,5.0,0.9689610525210778,39788,,,,,,,
6,5.0,0.9689610525210778,39788,,,,,,,
7,5.0,0.9689610525210778,39788,,,,,,,
8,5.0,0.9689610525210778,39788,,,,,,,
9,5.0,0.9689610525210778,39788,,,,,,,
10,5.0,0.9689610525210778,39788,0.48466874434502866,0.454493904167848,0.7149866190900981,0.5557288958224995,0.50520846345613,0.4534388380535366,9947
11,5.0,0.9689610525210778,39788,,,,,,,
12,5.0,0.9689610525210778,39788,,,,,,,
13,5.0,0.9689610525210778,39788,,,,,,,
14,5.0,0.9689610525210778,39788,,,,,,,
15,5.0,0.9689610525210778,39788,,,,,,,
16,5.0,0.9689610525210778,39788,,,,,,,
17,5.0,0.9689610525210778,39788,,,,,,,
18,5.0,0.9689610525210778,39788,,,,,,,
19,5.0,0.9689610525210778,39788,,,,,,,
20,5.0,0.9689610525210778,39788,0.45078918266814116,0.45078918266814116,1.0,0.621439955651029,0.5,0.45078918266814116,9947
21,5.0,0.9689610525210778,39788,,,,,,,
22,5.0,0.9689610525210778,39788,,,,,,,
23,5.0,0.9689610525210778,39788,,,,,,,
24,5.0,0.9689610525210778,39788,,,,,,,
25,5.0,0.9689610525210778,39788,,,,,,,
26,5.0,0.9689610525210778,39788,,,,,,,
27,5.0,0.9689610525210778,39788,,,,,,,
28,5.0,0.9689610525210778,39788,,,,,,,
29,5.0,0.9689610525210778,39788,,,,,,,
30,5.0,0.9689610525210778,39788,0.4717000100532824,0.44407369795444657,0.682649420160571,0.5381031906477982,0.49066836865243646,0.44624735218001765,9947
31,5.0,0.9689610525210778,39788,,,,,,,
32,5.0,0.9689610525210778,39788,,,,,,,
33,5.0,0.9689610525210778,39788,,,,,,,
34,5.0,0.9689610525210778,39788,,,,,,,
35,5.0,0.9689610525210778,39788,,,,,,,
36,5.0,0.9689610525210778,39788,,,,,,,
37,5.0,0.9689610525210778,39788,,,,,,,
38,5.0,0.9689610525210778,39788,,,,,,,
39,5.0,0.9689610525210778,39788,,,,,,,
40,5.0,0.9689610525210778,39788,0.4987433397004122,0.45191570881226056,0.526092774308653,0.48619126133553175,0.5014063671870599,0.45138307888701157,9947
41,5.0,0.9689610525210778,39788,,,,,,,
42,5.0,0.9689610525210778,39788,,,,,,,
43,5.0,0.9689610525210778,39788,,,,,,,
44,5.0,0.9689610525210778,39788,,,,,,,
45,5.0,0.9689610525210778,39788,,,,,,,
46,5.0,0.9689610525210778,39788,,,,,,,
47,5.0,0.9689610525210778,39788,,,,,,,
48,5.0,0.9689610525210778,39788,,,,,,,
49,5.0,0.9689610525210778,39788,,,,,,,
50,5.0,0.9689610525210778,39788,0.45199557655574546,0.4512059743667373,0.9971008028545941,0.6212742305287292,0.5008385215078388,0.4512047660054345,9947
1,1.0,4.844805262605389,39788,,,,,,,
2,1.0,4.844805262605389,39788,,,,,,,
3,1.0,4.844805262605389,39788,,,,,,,
4,1.0,4.844805262605389,39788,,,,,,,
5,1.0,4.844805262605389,39788,,,,,,,
6,1.0,4.844805262605389,39788,,,,,,,
7,1.0,4.844805262605389,39788,,,,,,,
8,1.0,4.844805262605389,39788,,,,,,,
9,1.0,4.844805262605389,39788,,,,,,,
10,1.0,4.844805262605389,39788,0.4709962802855132,0.45259566171094323,0.8282783229259589,0.5853427895981087,0.503009745391224,0.4522854501001142,9947
11,1.0,4.844805262605389,39788,,,,,,,
12,1.0,4.844805262605389,39788,,,,,,,
13,1.0,4.844805262605389,39788,,,,,,,
14,1.0,4.844805262605389,39788,,,,,,,
15,1.0,4.844805262605389,39788,,,,,,,
16,1.0,4.844805262605389,39788,,,,,,,
17,1.0,4.844805262605389,39788,,,,,,,
18,1.0,4.844805262605389,39788,,,,,,,
19,1.0,4.844805262605389,39788,,,,,,,
20,1.0,4.844805262605389,39788,0.5181461747260481,0.44534842589317297,0.28077609277430865,0.3444125290657913,0.49687715493557094,0.4492615482391302,9947
21,1.0,4.844805262605389,39788,,,,,,,
22,1.0,4.844805262605389,39788,,,,,,,
23,1.0,4.844805262605389,39788,,,,,,,
24,1.0,4.844805262605389,39788,,,,,,,
25,1.0,4.844805262605389,39788,,,,,,,
26,1.0,4.844805262605389,39788,,,,,,,
27,1.0,4.844805262605389,39788,,,,,,,
28,1.0,4.844805262605389,39788,,,,,,,
29,1.0,4.844805262605389,39788,,,,,,,
30,1.0,4.844805262605389,39788,0.5493113501558259,0.6666666666666666,0.00044603033006244426,0.0008914642299977714,0.5001314903618096,0.4508854705735821,9947
31,1.0,4.844805262605389,39788,,,,,,,
32,1.0,4.844805262605389,39788,,,,,,,
33,1.0,4.844805262605389,39788,,,,,,,
34,1.0,4.844805262605389,39788,,,,,,,
35,1.0,4.844805262605389,39788,,,,,,,
36,1.0,4.844805262605389,39788,,,,,,,
37,1.0,4.844805262605389,39788,,,,,,,
38,1.0,4.844805262605389,39788,,,,,,,
39,1.0,4.844805262605389,39788,,,,,,,
40,1.0,4.844805262605389,39788,0.5125163365838946,0.44640234948604995,0.3389830508474576,0.3853466852579541,0.49696727135087504,0.44930212057251706,9947
41,1.0,4.844805262605389,39788,,,,,,,
42,1.0,4.844805262605389,39788,,,,,,,
43,1.0,4.844805262605389,39788,,,,,,,
44,1.0,4.844805262605389,39788,,,,,,,
45,1.0,4.844805262605389,39788,,,,,,,
46,1.0,4.844805262605389,39788,,,,,,,
47,1.0,4.844805262605389,39788,,,,,,,
48,1.0,4.844805262605389,39788,,,,,,,
49,1.0,4.844805262605389,39788,,,,,,,
50,1.0,4.844805262605389,39788,0.4768271840756007,0.4534040900854258,0.7812221231043711,0.5737919737919738,0.5041018175470602,0.45283200619239367,9947
1,1.0,4.844805262605389,39788,,,,,,,
2,1.0,4.844805262605389,39788,,,,,,,
3,1.0,4.844805262605389,39788,,,,,,,
4,1.0,4.844805262605389,39788,,,,,,,
5,1.0,4.844805262605389,39788,,,,,,,
6,1.0,4.844805262605389,39788,,,,,,,
7,1.0,4.844805262605389,39788,,,,,,,
8,1.0,4.844805262605389,39788,,,,,,,
9,1.0,4.844805262605389,39788,,,,,,,
10,1.0,4.844805262605389,39788,0.47260480546898564,0.44940239043824703,0.7546833184656556,0.5633427667720993,0.4978798250757712,0.4497425937060623,9947
11,1.0,4.844805262605389,39788,,,,,,,
12,1.0,4.844805262605389,39788,,,,,,,
13,1.0,4.844805262605389,39788,,,,,,,
14,1.0,4.844805262605389,39788,,,,,,,
15,1.0,4.844805262605389,39788,,,,,,,
16,1.0,4.844805262605389,39788,,,,,,,
17,1.0,4.844805262605389,39788,,,,,,,
18,1.0,4.844805262605389,39788,,,,,,,
19,1.0,4.844805262605389,39788,,,,,,,
20,1.0,4.844805262605389,39788,0.45078918266814116,0.45078918266814116,1.0,0.621439955651029,0.5,0.45078918266814116,9947
21,1.0,4.844805262605389,39788,,,,,,,
22,1.0,4.844805262605389,39788,,,,,,,
23,1.0,4.844805262605389,39788,,,,,,,
24,1.0,4.844805262605389,39788,,,,,,,
25,1.0,4.844805262605389,39788,,,,,,,
26,1.0,4.844805262605389,39788,,,,,,,
27,1.0,4.844805262605389,39788,,,,,,,
28,1.0,4.844805262605389,39788,,,,,,,
29,1.0,4.844805262605389,39788,,,,,,,
30,1.0,4.844805262605389,39788,0.45078918266814116,0.45078918266814116,1.0,0.621439955651029,0.5,0.45078918266814116,9947
31,1.0,4.844805262605389,39788,,,,,,,
32,1.0,4.844805262605389,39788,,,,,,,
33,1.0,4.844805262605389,39788,,,,,,,
34,1.0,4.844805262605389,39788,,,,,,,
35,1.0,4.844805262605389,39788,,,,,,,
36,1.0,4.844805262605389,39788,,,,,,,
37,1.0,4.844805262605389,39788,,,,,,,
38,1.0,4.844805262605389,39788,,,,,,,
39,1.0,4.844805262605389,39788,,,,,,,
40,1.0,4.844805262605389,39788,0.4510907811400422,0.45088566827697263,0.9991079393398751,0.6213592233009708,0.5001946432924892,0.45088558220595676,9947
41,1.0,4.844805262605389,39788,,,,,,,
42,1.0,4.844805262605389,39788,,,,,,,
43,1.0,4.844805262605389,39788,,,,,,,
44,1.0,4.844805262605389,39788,,,,,,,
45,1.0,4.844805262605389,39788,,,,,,,
46,1.0,4.844805262605389,39788,,,,,,,
47,1.0,4.844805262605389,39788,,,,,,,
48,1.0,4.844805262605389,39788,,,,,,,
49,1.0,4.844805262605389,39788,,,,,,,
50,1.0,4.844805262605389,39788,0.4577259475218659,0.45160604126781534,0.9469223907225691,0.6115512026501513,0.5015593099503382,0.45156268436622693,9947
1,4.0,0.3028003289128368,39788,,,,,,,
2,4.0,0.3028003289128368,39788,,,,,,,
3,4.0,0.3028003289128368,39788,,,,,,,
4,4.0,0.3028003289128368,39788,,,,,,,
5,4.0,0.3028003289128368,39788,,,,,,,
6,4.0,0.3028003289128368,39788,,,,,,,
7,4.0,0.3028003289128368,39788,,,,,,,
8,4.0,0.3028003289128368,39788,,,,,,,
9,4.0,0.3028003289128368,39788,,,,,,,
10,4.0,0.3028003289128368,39788,0.5492108173318588,0.0,0.0,0.0,0.49983691276143155,0.4507629882325179,9947
11,4.0,0.3028003289128368,39788,,,,,,,
12,4.0,0.3028003289128368,39788,,,,,,,
13,4.0,0.3028003289128368,39788,,,,,,,
14,4.0,0.3028003289128368,39788,,,,,,,
15,4.0,0.3028003289128368,39788,,,,,,,
16,4.0,0.3028003289128368,39788,,,,,,,
17,4.0,0.3028003289128368,39788,,,,,,,
18,4.0,0.3028003289128368,39788,,,,,,,
19,4.0,0.3028003289128368,39788,,,,,,,
20,4.0,0.3028003289128368,39788,0.5492108173318588,0.0,0.0,0.0,0.5,0.45078918266814116,9947
21,4.0,0.3028003289128368,39788,,,,,,,
22,4.0,0.3028003289128368,39788,,,,,,,
23,4.0,0.3028003289128368,39788,,,,,,,
24,4.0,0.3028003289128368,39788,,,,,,,
25,4.0,0.3028003289128368,39788,,,,,,,
26,4.0,0.3028003289128368,39788,,,,,,,
27,4.0,0.3028003289128368,39788,,,,,,,
28,4.0,0.3028003289128368,39788,,,,,,,
29,4.0,0.3028003289128368,39788,,,,,,,
30,4.0,0.3028003289128368,39788,0.4989444053483462,0.455861581920904,0.5758251561106156,0.5088687426093812,0.5059295784813349,0.4537312623239662,9947
31,4.0,0.3028003289128368,39788,,,,,,,
32,4.0,0.3028003289128368,39788,,,,,,,
33,4.0,0.3028003289128368,39788,,,,,,,
34,4.0,0.3028003289128368,39788,,,,,,,
35,4.0,0.3028003289128368,39788,,,,,,,
36,4.0,0.3028003289128368,39788,,,,,,,
37,4.0,0.3028003289128368,39788,,,,,,,
38,4.0,0.3028003289128368,39788,,,,,,,
39,4.0,0.3028003289128368,39788,,,,,,,
40,4.0,0.3028003289128368,39788,0.5488086860359908,0.4166666666666667,0.0022301516503122213,0.0044365572315882874,0.49995317620459623,0.4507031663995882,9947
41,4.0,0.3028003289128368,39788,,,,,,,
42,4.0,0.3028003289128368,39788,,,,,,,
43,4.0,0.3028003289128368,39788,,,,,,,
44,4.0,0.3028003289128368,39788,,,,,,,
45,4.0,0.3028003289128368,39788,,,,,,,
46,4.0,0.3028003289128368,39788,,,,,,,
47,4.0,0.3028003289128368,39788,,,,,,,
48,4.0,0.3028003289128368,39788,,,,,,,
49,4.0,0.3028003289128368,39788,,,,,,,
50,4.0,0.3028003289128368,39788,0.5419724540062331,0.4726443768996961,0.13871543264942016,0.21448275862068966,0.5051502705002905,0.4539881571809317,9947
1,1.0,4.844805262605389,39788,,,,,,,
2,1.0,4.844805262605389,39788,,,,,,,
3,1.0,4.844805262605389,39788,,,,,,,
4,1.0,4.844805262605389,39788,,,,,,,
5,1.0,4.844805262605389,39788,,,,,,,
6,1.0,4.844805262605389,39788,,,,,,,
7,1.0,4.844805262605389,39788,,,,,,,
8,1.0,4.844805262605389,39788,,,,,,,
9,1.0,4.844805262605389,39788,,,,,,,
10,1.0,4.844805262605389,39788,0.49944706946818135,0.44414353419092756,0.43889384478144516,0.44150308468872684,0.49402133205574184,0.4478724484569109,9947
11,1.0,4.844805262605389,39788,,,,,,,
12,1.0,4.844805262605389,39788,,,,,,,
13,1.0,4.844805262605389,39788,,,,,,,
14,1.0,4.844805262605389,39788,,,,,,,
15,1.0,4.844805262605389,39788,,,,,,,
16,1.0,4.844805262605389,39788,,,,,,,
17,1.0,4.844805262605389,39788,,,,,,,
18,1.0,4.844805262605389,39788,,,,,,,
19,1.0,4.844805262605389,39788,,,,,,,
20,1.0,4.844805262605389,39788,0.4509902483160752,0.45086007443919124,0.9995539696699376,0.621421143847487,0.5001430840478556,0.4508600428193112,9947
21,1.0,4.844805262605389,39788,,,,,,,
22,1.0,4.844805262605389,39788,,,,,,,
23,1.0,4.844805262605389,39788,,,,,,,
24,1.0,4.844805262605389,39788,,,,,,,
25,1.0,4.844805262605389,39788,,,,,,,
26,1.0,4.844805262605389,39788,,,,,,,
27,1.0,4.844805262605389,39788,,,,,,,
28,1.0,4.844805262605389,39788,,,,,,,
29,1.0,4.844805262605389,39788,,,,,,,
30,1.0,4.844805262605389,39788,0.5466974967326832,0.3333333333333333,0.005575379125780553,0.010967317394165387,0.49821144940180667,0.450134321777559,9947
31,1.0,4.844805262605389,39788,,,,,,,
32,1.0,4.844805262605389,39788,,,,,,,
33,1.0,4.844805262605389,39788,,,,,,,
34,1.0,4.844805262605389,39788,,,,,,,
35,1.0,4.844805262605389,39788,,,,,,,
36,1.0,4.844805262605389,39788,,,,,,,
37,1.0,4.844805262605389,39788,,,,,,,
38,1.0,4.844805262605389,39788,,,,,,,
39,1.0,4.844805262605389,39788,,,,,,,
40,1.0,4.844805262605389,39788,0.4717000100532824,0.4472856556816628,0.7294826048171276,0.5545477663812833,0.4947980477865612,0.44823342067599786,9947
41,1.0,4.844805262605389,39788,,,,,,,
42,1.0,4.844805262605389,39788,,,,,,,
43,1.0,4.844805262605389,39788,,,,,,,
44,1.0,4.844805262605389,39788,,,,,,,
45,1.0,4.844805262605389,39788,,,,,,,
46,1.0,4.844805262605389,39788,,,,,,,
47,1.0,4.844805262605389,39788,,,,,,,
48,1.0,4.844805262605389,39788,,,,,,,
49,1.0,4.844805262605389,39788,,,,,,,
50,1.0,4.844805262605389,39788,0.45078918266814116,0.45078918266814116,1.0,0.621439955651029,0.5,0.45078918266814116,9947
1,1.0,4.844805262605389,39788,,,,,,,
2,1.0,4.844805262605389,39788,,,,,,,
3,1.0,4.844805262605389,39788,,,,,,,
4,1.0,4.844805262605389,39788,,,,,,,
5,1.0,4.844805262605389,39788,,,,,,,
6,1.0,4.844805262605389,39788,,,,,,,
7,1.0,4.844805262605389,39788,,,,,,,
8,1.0,4.844805262605389,39788,,,,,,,
9,1.0,4.844805262605389,39788,,,,,,,
10,1.0,4.844805262605389,39788,0.47642505277973257,0.4516430670585092,0.754014272970562,0.5649122807017544,0.501297819260313,0.4514330236859454,9947
11,1.0,4.844805262605389,39788,,,,,,,
12,1.0,4.844805262605389,39788,,,,,,,
13,1.0,4.844805262605389,39788,,,,,,,
14,1.0,4.844805262605389,39788,,,,,,,
15,1.0,4.844805262605389,39788,,,,,,,
16,1.0,4.844805262605389,39788,,,,,,,
17,1.0,4.844805262605389,39788,,,,,,,
18,1.0,4.844805262605389,39788,,,,,,,
19,1.0,4.844805262605389,39788,,,,,,,
20,1.0,4.844805262605389,39788,0.4527998391474817,0.4509964230965764,0.9841659232827832,0.6185436961244656,0.5004117187345639,0.4509931416357337,9947
21,1.0,4.844805262605389,39788,,,,,,,
22,1.0,4.844805262605389,39788,,,,,,,
23,1.0,4.844805262605389,39788,,,,,,,
24,1.0,4.844805262605389,39788,,,,,,,
25,1.0,4.844805262605389,39788,,,,,,,
26,1.0,4.844805262605389,39788,,,,,,,
27,1.0,4.844805262605389,39788,,,,,,,
28,1.0,4.844805262605389,39788,,,,,,,
29,1.0,4.844805262605389,39788,,,,,,,
30,1.0,4.844805262605389,39788,0.45078918266814116,0.45078918266814116,1.0,0.621439955651029,0.5,0.45078918266814116,9947
31,1.0,4.844805262605389,39788,,,,,,,
32,1.0,4.844805262605389,39788,,,,,,,
33,1.0,4.844805262605389,39788,,,,,,,
34,1.0,4.844805262605389,39788,,,,,,,
35,1.0,4.844805262605389,39788,,,,,,,
36,1.0,4.844805262605389,39788,,,,,,,
37,1.0,4.844805262605389,39788,,,,,,,
38,1.0,4.844805262605389,39788,,,,,,,
39,1.0,4.844805262605389,39788,,,,,,,
40,1.0,4.844805262605389,39788,0.45078918266814116,0.45078918266814116,1.0,0.621439955651029,0.5,0.45078918266814116,9947
41,1.0,4.844805262605389,39788,,,,,,,
42,1.0,4.844805262605389,39788,,,,,,,
43,1.0,4.844805262605389,39788,,,,,,,
44,1.0,4.844805262605389,39788,,,,,,,
45,1.0,4.844805262605389,39788,,,,,,,
46,1.0,4.844805262605389,39788,,,,,,,
47,1.0,4.844805262605389,39788,,,,,,,
48,1.0,4.844805262605389,39788,,,,,,,
49,1.0,4.844805262605389,39788,,,,,,,
50,1.0,4.844805262605389,39788,0.47511812606816123,0.45149401079373436,0.7649420160570919,0.5678337885936595,0.5010871530038342,0.45132833531550615,9947
1,1.0,4.844805262605389,39788,,,,,,,
2,1.0,4.844805262605389,39788,,,,,,,
3,1.0,4.844805262605389,39788,,,,,,,
4,1.0,4.844805262605389,39788,,,,,,,
5,1.0,4.844805262605389,39788,,,,,,,
6,1.0,4.844805262605389,39788,,,,,,,
7,1.0,4.844805262605389,39788,,,,,,,
8,1.0,4.844805262605389,39788,,,,,,,
9,1.0,4.844805262605389,39788,,,,,,,
10,1.0,4.844805262605389,39788,0.5371468784558159,0.4661016949152542,0.18398751115075826,0.2638311480652383,0.505502816530898,0.453606493685953,9947
11,1.0,4.844805262605389,39788,,,,,,,
12,1.0,4.844805262605389,39788,,,,,,,
13,1.0,4.844805262605389,39788,,,,,,,
14,1.0,4.844805262605389,39788,,,,,,,
15,1.0,4.844805262605389,39788,,,,,,,
16,1.0,4.844805262605389,39788,,,,,,,
17,1.0,4.844805262605389,39788,,,,,,,
18,1.0,4.844805262605389,39788,,,,,,,
19,1.0,4.844805262605389,39788,,,,,,,
20,1.0,4.844805262605389,39788,0.45078918266814116,0.45078918266814116,1.0,0.621439955651029,0.5,0.45078918266814116,9947
21,1.0,4.844805262605389,39788,,,,,,,
22,1.0,4.844805262605389,39788,,,,,,,
23,1.0,4.844805262605389,39788,,,,,,,
24,1.0,4.844805262605389,39788,,,,,,,
25,1.0,4.844805262605389,39788,,,,,,,
26,1.0,4.844805262605389,39788,,,,,,,
27,1.0,4.844805262605389,39788,,,,,,,
28,1.0,4.844805262605389,39788,,,,,,,
29,1.0,4.844805262605389,39788,,,,,,,
30,1.0,4.844805262605389,39788,0.4506886498441741,0.4507042253521127,0.9991079393398751,0.6211869107043816,0.49982854407960253,0.45070430113919213,9947
31,1.0,4.844805262605389,39788,,,,,,,
32,1.0,4.844805262605389,39788,,,,,,,
33,1.0,4.844805262605389,39788,,,,,,,
34,1.0,4.844805262605389,39788,,,,,,,
35,1.0,4.844805262605389,39788,,,,,,,
36,1.0,4.844805262605389,39788,,,,,,,
37,1.0,4.844805262605389,39788,,,,,,,
38,1.0,4.844805262605389,39788,,,,,,,
39,1.0,4.844805262605389,39788,,,,,,,
40,1.0,4.844805262605389,39788,0.5491102845078918,0.0,0.0,0.0,0.49990847519677833,0.45078918266814116,9947
41,1.0,4.844805262605389,39788,,,,,,,
42,1.0,4.844805262605389,39788,,,,,,,
43,1.0,4.844805262605389,39788,,,,,,,
44,1.0,4.844805262605389,39788,,,,,,,
45,1.0,4.844805262605389,39788,,,,,,,
46,1.0,4.844805262605389,39788,,,,,,,
47,1.0,4.844805262605389,39788,,,,,,,
48,1.0,4.844805262605389,39788,,,,,,,
49,1.0,4.844805262605389,39788,,,,,,,
50,1.0,4.844805262605389,39788,0.5112094098723233,0.42379032258064514,0.23438893844781444,0.30183802412406663,0.4864055254201364,0.44446094851293194,9947
